tree
version=v4
num_class=1
num_tree_per_iteration=1
label_index=0
max_feature_idx=6
objective=regression
feature_names=length avg_grade avg_abs_grade max_abs_grade grade_std sinuosity grooming
feature_infos=[10.353755225721567:8592.2735620350286] [-3.2384021616189638:2.4834276559251527] [0.0018646292781377999:3.2384021616189638] [0.0038371661637938001:4.2062477623558587] [0:1.1889597237653136] [0.99999999992134325:inf] -1:2:1:5:4:7
tree_sizes=2163 2292 2330 2313 2330 2295 2339 2338 2309 2323 2314 2363 2333 2320 2355 2319 2290 2320 2349 2321 2398 2330 2308 2196 2270 2384 2378 1796 2362 2039 2327 2373 2066 2166 1987 1552 2371 2389 2381 2340 2107 2358 2356 1872 2339 2257 1849 1570 1983 1784 2016 1778 1955 2353 1903 1390 1422 2345 1935 1669 1227 2281 1618 1568 2024 1388 1915 1122 1545 2180

Tree=0
num_leaves=25
num_cat=0
split_feature=1 1 2 0 2 5 0 1 0 2 5 0 3 1 0 2 5 0 4 5 0 3 5 3
split_gain=1513.86 200.818 195.943 195.504 71.7948 51.5545 39.61 28.7103 26.9772 20.9568 41.7193 18.5072 14.3285 11.9203 10.5542 9.50857 8.60507 8.59883 7.85286 7.59771 6.53632 6.43846 3.92642 3.32876
threshold=-0.22001518833610276 -0.30562470929304525 0.15559241017847139 126.77169624693207 0.42508752297227387 1.3266345781401176 160.69018726330771 -0.24597841739067758 118.45899899505474 0.20388807768568259 1.1861817286585179 193.48120000985435 0.63839017754328486 -0.11583108568596669 202.50892782320423 0.29397536267502955 1.0206818296556708 99.155951882366267 0.12103388653186296 1.0055588209329176 318.33503414360683 0.37638762298217293 1.8560670954241527 0.41599381145183911
decision_type=2 2 2 2 2 2 2 2 2 2 2 2 2 2 2 2 2 2 2 2 2 2 2 2
left_child=1 3 5 12 14 13 21 18 -4 10 -10 -6 19 20 -5 -11 -15 -14 -8 -1 -2 -3 23 -7
right_child=2 6 8 4 11 22 7 -9 9 15 -12 -13 17 16 -16 -17 -18 -19 -20 -21 -22 -23 -24 -25
leaf_value=1.9710205457882088 1.9524153122573813 1.925867764380977 1.9178765940243976 1.9957147632948582 2.0429260471572483 1.90621656812119 1.9892672666672822 1.9826156918867848 1.9612700445021736 1.9619204330415014 1.9331429642436686 2.0903113229138914 1.9626618562616815 1.9370889113995529 2.0385021819029294 1.980667698628219 1.9224453319062282 2.0157090315765096 2.0099506446669797 1.922483876047862 1.934671749641109 1.970909030324812 1.8995777187287737 1.9282058308569676
leaf_weight=23 154 42 88 32 58 104 112 393 703 709 408 214 37 289 507 162 687 24 556 48 314 24 310 62
leaf_count=23 154 42 88 32 58 104 112 393 703 709 408 214 37 289 507 162 687 24 556 48 314 24 310 62
internal_value=1.96584 2.0144 1.94064 2.03823 2.05107 1.92454 1.99442 1.99769 1.95559 1.95729 1.95092 2.08053 1.95927 1.93117 2.03602 1.96542 1.92675 1.98399 2.00652 1.93807 1.94047 1.94209 1.90454 1.91415
internal_weight=6060 2070 3990 943 811 1920 1127 1061 2070 1982 1111 272 132 1444 539 871 976 61 668 71 468 66 476 166
internal_count=6060 2070 3990 943 811 1920 1127 1061 2070 1982 1111 272 132 1444 539 871 976 61 668 71 468 66 476 166
is_linear=0
shrinkage=1


Tree=1
num_leaves=25
num_cat=2
split_feature=1 6 6 2 0 1 1 5 4 2 1 2 4 5 0 5 5 1 0 0 2 5 4 0
split_gain=1310.05 289.655 270.1 145.339 88.9216 120.231 37.802 36.7066 27.6289 19.6787 18.3409 18.7378 12.7072 9.43269 8.20824 6.876 4.05949 3.9313 3.1073 2.5022 2.0526 2.01611 1.95071 1.41718
threshold=-0.22001518833610276 0 1 0.15559241017847139 160.69018726330771 -0.30562470929304525 -0.38535716203973064 1.8069753968135627 0.34469927533943306 0.25040227406571475 -0.19163367940167028 0.22482871442556013 0.3516303400816681 1.0215725624895839 45.515604149473909 1.0045057147759378 3.0376562294687313 -0.16052742674074583 294.25612922991149 182.49768506779387 0.28139509545173291 1.0084012585685245 0.1722543449121304 408.95212194062077
decision_type=2 9 9 2 2 2 2 2 2 2 2 2 2 2 2 2 2 2 2 2 2 2 2 2
left_child=2 3 6 7 12 8 19 13 -6 -7 15 -12 14 -2 -4 -5 17 22 -19 -1 -8 -22 -3 -21
right_child=1 16 4 10 5 9 20 -9 -10 -11 11 -13 -14 -15 -16 -17 -18 18 -20 23 21 -23 -24 -25
leaf_value=0.097345266428332924 -0.027890790578438247 0.079233850644630469 -0.059045893150097443 0.028130868804364498 0.055723029640174872 0.010945332373147806 0.068442177310576169 -0.063686736310832812 0.092876238291900975 0.031714241037858901 -0.023459134408099613 -0.0059889553871214684 0.042080534118413934 -0.040544100231326027 -0.010464294540225951 -0.0049334409887262284 0.083852818639092164 0.061525112146771317 0.031831860867546254 0.14276939651821058 0.055741932361616814 0.089673051700861664 0.050283965193107724 0.11546524299506483
leaf_weight=28 402 43 18 32 387 366 75 312 136 580 1025 427 20 1138 175 466 39 32 47 74 15.999999999999998 138 27 57
leaf_count=28 402 43 18 32 387 366 75 312 136 580 1025 427 20 1138 175 466 39 32 47 74 16 138 27 57
internal_value=0 -0.0234413 0.0451737 -0.0276329 0.0323148 0.0386324 0.0973558 -0.0417459 0.0655444 0.0236997 -0.014356 -0.0183297 -0.00971914 -0.0372618 -0.0152798 -0.00275531 0.0593438 0.056364 0.044487 0.126432 0.0809355 0.0865346 0.0689428 0.131859
internal_weight=6060 3990 2070 3802 1682 1469 388 1852 523 946 1950 1452 213 1540 193 498 188 149 79 159 229 154 70 131
internal_count=6060 3990 2070 3802 1682 1469 388 1852 523 946 1950 1452 213 1540 193 498 188 149 79 159 229 154 70 131
cat_boundaries=0 1 2
cat_threshold=4 34
is_linear=0
shrinkage=0.07


Tree=2
num_leaves=25
num_cat=0
split_feature=1 2 0 1 5 1 2 0 1 1 0 2 3 0 5 0 5 0 5 0 5 4 1 0
split_gain=1135.06 214.034 128.994 141.756 48.0137 27.3178 25.7044 26.8458 25.2981 23.1543 15.13 19.9405 14.8409 11.2653 10.6677 10.5429 9.76359 8.89108 8.41468 6.83533 6.88526 6.73952 6.6619 6.55368
threshold=-0.24597841739067758 0.16992437270029298 126.77169624693207 -0.36589900049486751 1.2956700941543329 -0.19163367940167028 0.52608626114399071 240.14714033111451 -0.13014293043013067 -0.30562470929304525 118.45899899505474 0.28139509545173291 0.63839017754328486 191.79199236699813 1.0935539599836994 237.2988041117774 1.0170558907309968 837.82789462732296 1.0045057147759378 99.155951882366267 1.0260926801053476 0.12103388653186296 -0.21717898654221182 237.2988041117774
decision_type=2 2 2 2 2 2 2 2 2 2 2 2 2 2 2 2 2 2 2 2 2 2 2 2
left_child=2 4 12 6 8 15 7 -4 17 13 -7 -12 -1 -5 -8 18 -10 -2 -3 20 -14 -11 -17 -6
right_child=1 5 3 9 23 10 14 -9 16 21 11 -13 19 -15 -16 22 -18 -19 -20 -21 -22 -23 -24 -25
leaf_value=-0.02691470726768673 -0.0097302561204413666 0.022018157021356406 0.035448729983439384 -0.0033117707285098734 -0.074302006524242473 -0.042330023413921967 0.12906378381234854 0.088987092138832574 -0.022184356019859568 0.018583050040963583 -0.01215512894001872 0.01195305570852466 0.027895492709545718 0.058307364973425875 0.059214890222251425 0.01555087896545544 -0.037127677345084133 -0.031983786378972305 -0.022145072229217851 0.044982208267346023 -0.030949830863773828 0.037429861158998969 0.0029156057114825182 -0.048137187533931487
leaf_weight=99 406 26 58 14.999999999999998 55 65 93 260 295 115 936 204 18 370 14.999999999999998 397 847 112 98 24 19 570 422 541
leaf_count=99 406 26 58 15 55 65 93 260 295 115 936 204 18 370 15 397 847 112 98 24 19 570 422 541
internal_value=1.04272e-05 -0.0185669 0.0493973 0.055783 -0.0336198 -0.00274857 0.0899266 0.0793662 -0.0274698 0.0421175 -0.00972866 -0.00783372 -0.0102807 0.0559024 0.120001 0.00617095 -0.0332909 -0.0145955 -0.0127774 0.0167028 -0.00232322 0.0342985 0.00905275 -0.0506733
internal_weight=6060 4404 1656 1496 2256 2148 426 318 1660 1070 1205 1140 160 385 108 943 1142 518 124 61 37 685 819 596
internal_count=6060 4404 1656 1496 2256 2148 426 318 1660 1070 1205 1140 160 385 108 943 1142 518 124 61 37 685 819 596
is_linear=0
shrinkage=0.07


Tree=3
num_leaves=25
num_cat=0
split_feature=1 2 0 1 5 1 1 1 3 2 5 1 3 2 0 0 5 5 0 1 5 0 5 4
split_gain=982.413 185.199 111.615 124.05 41.5653 26.8693 23.8335 21.8746 18.5915 17.9898 26.1458 16.4186 12.8781 11.1038 9.48012 9.3416 8.78808 8.44114 7.70499 6.97385 6.07202 5.94723 6.00113 5.82373
threshold=-0.24597841739067758 0.16992437270029298 126.77169624693207 -0.3911245619273826 1.2956700941543329 -0.30562470929304525 -0.18465135821337489 -0.13014293043013067 0.68290532897240752 0.22482871442556013 1.9097743959614613 -0.10484642916772798 0.63839017754328486 0.5735489839565816 191.79199236699813 237.2988041117774 1.1074614860128926 1.0170558907309968 682.92769828888629 -0.21717898654221182 1.0055588209329176 99.155951882366267 1.0260926801053476 0.12103388653186296
decision_type=2 2 2 2 2 2 2 2 2 2 2 2 2 2 2 2 2 2 2 2 2 2 2 2
left_child=2 4 12 8 7 14 15 18 -4 11 -11 -8 20 -10 -5 16 -3 -9 -2 -17 -1 22 -14 -7
right_child=1 6 3 5 -6 23 9 17 13 10 -12 -13 21 -15 -16 19 -18 -19 -20 -21 -22 -23 -24 -25
leaf_value=0.00064185382109135393 -0.0077532310675641298 -0.0025442739094624469 0.045831655875862909 0.0037285011361304085 -0.047140619637234336 0.017293450168102725 -0.0074387946501259117 -0.02063669821298807 0.086946353308901644 -0.020503837694647878 0.014219245232096306 -0.030021438308176832 0.026045582027968611 0.1215391767770484 0.055792429252306631 0.014465052993442097 -0.044818129058903262 -0.034531804593063826 -0.02613990955621618 0.002156879410251751 -0.036611465154177909 0.041959404271960266 -0.028891666997373108 0.034814358868481575
leaf_weight=31 355 109 46 18 596 115 362 295 230 171 277 280 18 68 449 397 30 847 163 522 68 24 19 570
leaf_count=31 355 109 46 18 596 115 362 295 230 171 277 280 18 68 449 397 30 847 163 522 68 24 19 570
internal_value=1.19041e-05 -0.0172712 0.0459581 0.0518982 -0.0312735 0.0408192 -0.00255691 -0.0255513 0.0887719 -0.00981734 0.000947862 -0.0173204 -0.00955425 0.0952224 0.0537994 0.00492465 -0.0119281 -0.0309642 -0.0135796 0.00748461 -0.0250495 0.0155809 -0.00216493 0.0319034
internal_weight=6060 4404 1656 1496 2256 1152 2148 1660 344 1090 448 642 160 298 467 1058 139 1142 518 919 99 61 37 685
internal_count=6060 4404 1656 1496 2256 1152 2148 1660 344 1090 448 642 160 298 467 1058 139 1142 518 919 99 61 37 685
is_linear=0
shrinkage=0.07


Tree=4
num_leaves=25
num_cat=2
split_feature=1 6 6 2 4 3 5 1 5 1 2 5 3 4 4 3 4 5 5 1 3 2 2 1
split_gain=850.589 245.368 208.841 94.4398 60.7602 38.0822 25.7339 23.1237 22.8681 11.6545 15.7971 11.1982 7.32361 5.96776 5.63342 4.41441 4.09569 3.32918 2.40927 2.40842 2.89145 2.57462 1.20327 1.01157
threshold=-0.22001518833610276 0 1 0.15559241017847139 0.34469927533943306 0.37335140150148016 1.8069753968135627 -0.38535716203973064 1.2145817373861352 -0.18465135821337489 0.22482871442556013 1.1747980053326803 1.3541405866869478 0.06995037303156211 0.3059066854476224 1.0892020050683233 0.023066733897750755 3.0376562294687313 1.0084012585685245 -0.16052742674074583 0.5030961012443792 0.14281889774290502 0.043402396240706159 -0.52155655977620718
decision_type=2 9 9 2 2 2 2 2 2 2 2 2 2 2 2 2 2 2 2 2 2 2 2 2
left_child=2 3 7 6 5 16 13 18 -7 14 -11 15 -13 -2 -5 -6 -4 19 23 20 -3 -21 -8 -1
right_child=1 17 4 9 11 8 22 -9 -10 10 -12 12 -14 -15 -16 -17 -18 -19 -20 21 -22 -23 -24 -25
leaf_value=0.13923879215075421 -0.035058736021571474 0.075906541193799013 -0.034454779920099599 -0.002695876484820045 0.053360321229021075 0.027417883886253606 -0.06883619066723462 0.06944967879457481 -0.00017595369458727587 -0.020724556626107688 -0.0043320250291801849 -0.0030315663223465287 0.059285802126982638 -0.026189652313100987 -0.041441590992008392 0.079495596573012653 -0.0072584058256236596 0.079812526244744678 0.097551765045175959 0.053624040374628867 0.042626296098082543 0.024795846238649954 -0.050639457390768493 0.093889859656523911
leaf_weight=25 722 45 37 583 63 1182 28 229 168 931 418 20 15.999999999999998 818 18 98 98 39 119 54 25 25 284 14.999999999999998
leaf_count=25 722 45 37 583 63 1182 28 229 168 931 418 20 16 818 18 98 98 39 119 54 25 25 284 15
internal_value=1.29001e-05 -0.0188756 0.036413 -0.0227439 0.0251662 0.0204412 -0.0341216 0.082216 0.0239859 -0.0120422 -0.0156527 0.0617678 0.0254999 -0.0303683 -0.00392439 0.0696656 -0.0149159 0.0572327 0.105188 0.0546407 0.0647984 0.0449339 -0.0524894 0.124955
internal_weight=6060 3990 2070 3802 1682 1485 1852 388 1350 1950 1349 197 36 1540 601 161 135 188 159 149 70 79 312 40
internal_count=6060 3990 2070 3802 1682 1485 1852 388 1350 1950 1349 197 36 1540 601 161 135 188 159 149 70 79 312 40
cat_boundaries=0 1 2
cat_threshold=4 34
is_linear=0
shrinkage=0.07


Tree=5
num_leaves=25
num_cat=0
split_feature=1 2 0 1 5 1 0 1 5 2 3 4 2 0 5 0 5 1 0 1 0 5 3 3
split_gain=742.082 137.474 91.1983 96.6698 33.0669 21.0488 20.6315 18.0393 14.3872 14.3995 12.3553 12.0118 8.62658 8.19085 7.31449 6.91828 6.42297 7.47223 5.80984 10.6291 5.48395 3.5566 2.91932 2.09526
threshold=-0.24597841739067758 0.16992437270029298 130.0878802790817 -0.3911245619273826 1.2956700941543329 -0.30562470929304525 118.45899899505474 -0.13014293043013067 1.0045057147759378 0.22482871442556013 0.68290532897240752 0.24757995990665368 0.5735489839565816 191.79199236699813 1.0170558907309968 837.82789462732296 1.0055588209329176 -0.44036310004751472 237.2988041117774 0.029548402693085705 798.56671970410503 1.0131655148047194 0.63839017754328486 0.29792524283610272
decision_type=2 2 2 2 2 2 2 2 2 2 2 2 2 2 2 2 2 2 2 2 2 2 2 2
left_child=2 4 11 10 7 13 23 15 -8 -10 21 16 -12 -5 -9 -2 17 -1 -6 -20 -7 -4 -18 -3
right_child=1 6 3 5 18 20 8 14 9 -11 12 -13 -14 -15 -16 -17 22 -19 19 -21 -22 -23 -24 -25
leaf_value=0.038071190879690027 -0.0068099096503181399 -0.025271715155550659 0.064448182936906809 0.00076831343550431107 -0.06326330121345819 0.032449040431451748 0.027645022928167184 -0.017280192777864335 -0.0069376579497227552 0.0052639818148114458 0.076124680406062517 0.0325315130263567 0.10677941487010788 0.049006125773827243 -0.030195722907273331 -0.026427554600956169 -0.035155121659636496 -0.020704628143894181 -0.040682226807695197 0.013353196614039574 0.019179943085919884 0.023217879347617813 -0.0080264666985848856 -0.048315748476354697
leaf_weight=18 406 50 19 18 55 441 82 295 1195 784 229 27 67 449 847 112 69 23 523 18 243 25 28 37
leaf_count=18 406 50 19 18 55 441 82 295 1195 784 229 27 67 449 847 112 69 23 523 18 243 25 28 37
internal_value=1.89456e-05 -0.0150021 0.0399517 0.0454135 -0.0270661 0.03567 -0.00232458 -0.0219632 -0.000906536 -0.00210329 0.0781947 -0.00937531 0.0834019 0.047154 -0.026878 -0.0110957 -0.0177546 0.0053748 -0.041217 -0.0388618 0.0277709 0.042074 -0.0274931 -0.0355177
internal_weight=6060 4404 1656 1491 2256 1151 2148 1660 2061 1979 340 165 296 467 1142 518 138 41 596 541 684 44 97 87
internal_count=6060 4404 1656 1491 2256 1151 2148 1660 2061 1979 340 165 296 467 1142 518 138 41 596 541 684 44 97 87
is_linear=0
shrinkage=0.07


Tree=6
num_leaves=25
num_cat=2
split_feature=1 6 6 2 4 5 5 3 1 4 1 1 4 3 5 4 4 3 1 1 1 5 3 2
split_gain=642.322 231.972 129.789 100.336 43.4202 25.9419 23.1855 20.5687 17.7219 16.1801 15.0314 14.7558 9.12858 6.8338 3.93592 3.32142 3.70195 5.63399 3.16392 2.74657 2.69232 2.31107 1.5939 0.869195
threshold=-0.24597841739067758 0 1 0.16992437270029298 0.16621456651047381 1.8560670954241527 1.3367274961614151 1.0892020050683233 -0.19163367940167028 0.056159149098017912 -0.13960993829816262 -0.38535716203973064 0.15851850731408698 0.36005757294986901 1.019415469889662 0.048171464273925761 0.072779495837470107 0.34033849793850096 -0.29037783347736973 -0.22108238293520077 0.029548402693085705 1.0084012585685245 0.60694855143149351 0.5735489839565816
decision_type=2 9 9 2 2 2 2 2 2 2 2 2 2 2 2 2 2 2 2 2 2 2 2 2
left_child=2 3 11 5 9 10 7 -6 19 14 -2 21 -10 -11 -4 -3 -17 -18 -8 -5 -7 23 -13 -1
right_child=1 15 4 8 6 20 18 -9 12 13 -12 22 -14 -15 -16 16 17 -19 -20 -21 -22 -23 -24 -25
leaf_value=0.090455093578281617 -0.013253742792493478 0.023026794652873654 -0.0013701103438465102 0.005701297167568206 0.033911175671133865 -0.046785700637364321 -0.029992873936349699 0.064192498068018439 -0.019344003116060802 -0.021676348517361017 -0.028265409018959738 0.072934567866442923 -0.0066598751660896221 0.018621516481941967 -0.028919151924982667 0.094457001122832299 0.032215689117169051 0.06260375539911138 0.0053083511956806845 -0.0022395199507245648 -0.018322545077800755 0.085541508498936908 0.056836907301936301 0.13023240478038792
leaf_weight=22 432 14.999999999999998 52 361 623 340 21 135 495 21 1381 70 637 371 49 14.999999999999998 42 148 28 519 19 119 127 18
leaf_count=22 432 15 52 361 623 340 21 135 495 21 1381 70 637 371 49 15 42 148 28 519 19 119 127 18
internal_value=1.94643e-05 -0.0139555 0.0371712 -0.0176567 0.0261754 -0.0281289 0.0363683 0.0393827 -0.0064307 0.00997905 -0.0246981 0.0743219 -0.0122192 0.0164113 -0.0148948 0.0545241 0.0593493 0.0560939 -0.010104 0.00102 -0.0453363 0.0926329 0.0628999 0.111112
internal_weight=6060 4404 1656 4184 1300 2172 807 758 2012 493 1813 356 1132 392 101 220 205 190 49 880 359 159 197 40
internal_count=6060 4404 1656 4184 1300 2172 807 758 2012 493 1813 356 1132 392 101 220 205 190 49 880 359 159 197 40
cat_boundaries=0 1 2
cat_threshold=4 34
is_linear=0
shrinkage=0.07


Tree=7
num_leaves=25
num_cat=2
split_feature=1 6 6 2 4 5 5 4 1 4 1 1 2 3 5 4 4 3 1 1 5 5 3 1
split_gain=555.987 201.036 112.676 86.8037 37.5888 22.6144 20.0913 18.3116 15.3324 14.0142 13.8988 12.8468 8.24965 5.93391 3.4142 2.8628 3.28099 4.86219 2.75745 2.75472 2.4692 2.09037 1.3877 0.985842
threshold=-0.24597841739067758 0 1 0.16992437270029298 0.16621456651047381 2.3850734682036978 1.3367274961614151 0.3516303400816681 -0.19163367940167028 0.056159149098017912 -0.13960993829816262 -0.38535716203973064 0.25847804793417367 0.36005757294986901 1.019415469889662 0.048171464273925761 0.072779495837470107 0.34033849793850096 0.029548402693085705 -0.29037783347736973 1.3583968702350995 1.0084012585685245 0.60694855143149351 -0.27968726344293104
decision_type=2 9 9 2 2 2 2 2 2 2 2 2 2 2 2 2 2 2 2 2 2 2 2 2
left_child=2 3 11 5 9 10 7 -6 20 14 -2 21 -10 -11 -4 -3 -17 -18 -7 -8 -5 -1 23 -13
right_child=1 15 4 8 6 18 19 -9 12 13 -12 22 -14 -15 -16 16 17 -19 -20 -21 -22 -23 -24 -25
leaf_value=0.10371193086054269 -0.012340381861181086 0.02151566087228712 -0.001276011658923806 0.0021893107169993122 0.030909177967988095 -0.045942189578486864 -0.027988804331692787 0.057706026307655423 -0.014836498125291564 -0.020227974628826435 -0.026629272667722956 0.07664141186475755 -0.0010797155416229878 0.017321514217591573 -0.026935298104736955 0.088258259291946889 0.030013034460962165 0.058250903693233748 -0.017104095440506936 0.004949580133064041 -0.010106898978218605 0.079603502671569598 0.052889407141506674 0.053377856699228288
leaf_weight=40 438 14.999999999999998 52 792 598 277 21 160 846 21 1438 41 286 371 49 14.999999999999998 42 148 19 28 88 119 127 29
leaf_count=40 438 15 52 792 598 277 21 160 846 21 1438 41 286 371 49 15 42 148 19 28 88 119 127 29
internal_value=2.45765e-05 -0.0129773 0.0345895 -0.0164229 0.0243452 -0.0261634 0.0338289 0.036635 -0.00598136 0.00927549 -0.0233019 0.0692031 -0.0113655 0.0152618 -0.0138735 0.0507724 0.0552596 0.0522023 -0.0441573 -0.00943032 0.000948819 0.0862832 0.058543 0.0679011
internal_weight=6060 4404 1656 4184 1300 2172 807 758 2012 493 1876 356 1132 392 101 220 205 190 296 49 880 159 197 70
internal_count=6060 4404 1656 4184 1300 2172 807 758 2012 493 1876 356 1132 392 101 220 205 190 296 49 880 159 197 70
cat_boundaries=0 1 2
cat_threshold=4 34
is_linear=0
shrinkage=0.07


Tree=8
num_leaves=25
num_cat=2
split_feature=1 6 6 2 0 1 1 2 5 5 1 1 1 0 3 5 5 0 3 5 0 3 2 3
split_gain=481.531 170.35 108.03 66.7496 50.5208 39.6613 15.4217 25.7416 14.2969 13.2278 11.5142 10.42 10.303 9.78631 8.58571 5.82393 4.46818 2.81216 3.71798 2.46178 2.97237 2.54504 1.94786 1.78781
threshold=-0.23702909967198257 0 1 0.15068222449389509 167.44638238548131 -0.33047887022125116 -0.13233115971122503 0.22482871442556013 1.4588817825497065 1.2607983578724606 -0.38535716203973064 -0.57135864627967481 -0.48054807903769586 55.486984358709627 1.3217418858908563 1.0912419283030166 1.0215725624895839 182.49768506779387 1.0326365967551558 3.0376562294687313 335.16740841461711 0.34447778210598401 0.043402396240706159 0.32441722230852221
decision_type=2 9 9 2 2 2 2 2 2 2 2 2 2 2 2 2 2 2 2 2 2 2 2 2
left_child=2 3 10 8 11 12 9 -8 16 -5 17 13 -6 -4 -7 -13 -2 -1 -19 20 23 -22 -10 -3
right_child=1 19 4 6 5 14 7 -9 22 -11 -12 15 -14 -15 -16 -17 -18 18 -20 -21 21 -23 -24 -25
leaf_value=0.05586225495009587 -0.016403474574603467 0.044193244504042578 -0.028047679991581861 -0.00084116810164922495 0.07337563903582725 0.016968520716804731 -0.027970154388997547 -0.0024804097650895042 -0.055022588829994203 -0.017512425494765761 0.054359736525724484 -0.01197628479903564 0.040453656959479015 0.03627405445426702 0.05878995320212841 -0.04397026865474276 -0.025387168122784316 0.097580731620788577 0.069837495355308074 0.066305616270825277 0.018067284381954839 0.043654633634584619 -0.036395600319211775 0.070940465280702039
leaf_weight=28 386 36 15.999999999999998 1227 56 816 417 363 34 287 206 119 326 36 24 36 988 69 62 39 28 78 353 30
leaf_count=28 386 36 16 1227 56 816 417 363 34 287 206 119 326 36 24 36 988 69 62 39 28 78 353 30
internal_value=2.83336e-05 -0.0127675 0.0304465 -0.0159719 0.0212123 0.0267751 -0.0081364 -0.0161269 -0.0262588 -0.00401137 0.064109 -0.0105742 0.0454607 0.0163138 0.0182327 -0.0196459 -0.0228776 0.0803239 0.0850842 0.0471261 0.0451391 0.0371343 -0.0381715 0.0572389
internal_weight=6060 4266 1794 4055 1429 1222 2294 780 1761 1514 365 207 382 52 840 155 1374 159 131 211 172 106 387 66
internal_count=6060 4266 1794 4055 1429 1222 2294 780 1761 1514 365 207 382 52 840 155 1374 159 131 211 172 106 387 66
cat_boundaries=0 1 2
cat_threshold=4 34
is_linear=0
shrinkage=0.07


Tree=9
num_leaves=25
num_cat=2
split_feature=1 6 6 2 4 3 5 5 1 1 2 5 5 3 5 1 4 5 5 1 2 2 3 5
split_gain=418.544 137.742 110.266 45.7378 32.9363 22.1204 14.6924 12.4669 11.0704 9.21508 22.2715 11.6068 6.65429 6.12555 4.80311 3.08167 2.56561 2.18 2.13792 2.02849 1.8109 1.36368 1.22335 1.15746
threshold=-0.22001518833610276 0 1 0.15068222449389509 0.34469927533943306 0.37335140150148016 1.2145817373861352 2.3850734682036978 -0.38535716203973064 -0.13233115971122503 0.22482871442556013 1.2607983578724606 1.1747980053326803 1.3217418858908563 1.0215725624895839 -0.40608921158240979 0.023066733897750755 3.0376562294687313 1.0084012585685245 -0.043408983468481245 0.052757556761868808 0.5735489839565816 0.5030961012443792 1.1826742013168328
decision_type=2 9 9 2 2 2 2 2 2 2 2 2 2 2 2 2 2 2 2 2 2 2 2 2
left_child=2 3 8 7 5 16 -7 14 18 11 -11 -5 15 -14 -2 -6 -4 19 21 22 -9 -1 -3 -10
right_child=1 17 4 9 12 6 -8 20 23 10 -12 -13 13 -15 -16 -17 -18 -19 -20 -21 -22 -23 -24 -25
leaf_value=0.072104673920247872 -0.015258198256686676 0.048538905668129573 -0.028490689822894183 -0.0020184621797292722 0.06021693952828646 0.019377799910444152 -0.0027255529235913449 -0.055540466324020842 0.051582800754061291 -0.026016927850061058 -0.0023072577136712008 -0.018994424617652383 -0.012113843968196921 0.044322818070806964 -0.024381533368745469 0.039367401124593582 -0.0069361976694353308 0.06178025875061751 0.068478056569918996 0.015733283772319556 -0.036571286142694538 0.11003920457684679 0.030985676776170732 0.029855123519270048
leaf_weight=22 386 100 37 1017 83 1182 168 33 211 417 363 244 18 18 1140 78 98 39 119 14.999999999999998 202 18 34 18
leaf_count=22 386 100 37 1017 83 1182 168 33 211 417 363 244 18 18 1140 78 98 39 119 15 202 18 34 18
internal_value=3.19177e-05 -0.0132178 0.0255656 -0.0161198 0.017409 0.0139246 0.0166267 -0.024426 0.0588274 -0.00902324 -0.0150008 -0.00531627 0.0443481 0.0165208 -0.0220858 0.0504256 -0.0130149 0.0437787 0.0747995 0.0416004 -0.0394621 0.0914598 0.0443528 0.0500152
internal_weight=6060 3990 2070 3802 1682 1485 1350 1761 388 2041 780 1261 197 36 1526 161 135 188 159 149 235 40 134 229
internal_count=6060 3990 2070 3802 1682 1485 1350 1761 388 2041 780 1261 197 36 1526 161 135 188 159 149 235 40 134 229
cat_boundaries=0 1 2
cat_threshold=4 34
is_linear=0
shrinkage=0.07


Tree=10
num_leaves=25
num_cat=2
split_feature=1 6 6 2 0 1 1 0 0 1 2 1 3 2 0 4 0 0 0 0 3 3 0 0
split_gain=364.508 130.973 72.8885 57.3168 43.5286 27.3846 13.9778 13.0306 10.3424 8.5641 8.46502 8.1982 7.38693 5.03051 4.72808 2.94082 2.81523 3.61 2.77289 2.44425 4.2494 1.79276 1.64076 2.09062
threshold=-0.24597841739067758 0 1 0.16992437270029298 167.44638238548131 -0.33692091644336547 -0.13014293043013067 118.45899899505474 886.19880494897984 -0.48054807903769586 0.75950585466796616 -0.19163367940167028 0.80015662204880955 0.28291790870093908 596.69755015282033 0.091880888998540813 193.48120000985435 367.97194064694554 1127.6893232963341 335.16740841461711 0.80662962639306146 0.29792524283610272 182.49768506779387 435.56922742023806
decision_type=2 9 9 2 2 2 2 2 2 2 2 2 2 2 2 2 2 2 2 2 2 2 2 2
left_child=2 3 9 6 10 12 8 21 -2 22 15 -9 -6 -7 -8 -4 -11 -18 19 -3 -21 -5 -1 -24
right_child=1 18 4 7 5 13 14 11 -10 16 -12 -13 -14 -15 -16 -17 17 -19 -20 20 -22 -23 23 -25
leaf_value=0.055230062871629543 -0.0067160334185927383 0.050145342988669878 -0.023813444073394103 -0.021733401340246202 0.03093288349452292 0.012101867134604032 -0.021757745756590095 0.0014928328728088891 -0.028482193387273359 0.020792249927801248 0.029144387253839527 -0.0076889685162443277 0.052431689018906893 0.023496036552865529 -0.029884425516141455 -0.0057540535130720036 0.066560638062695132 0.047027948900670621 0.063342178634674312 0.026703856604094977 0.063648151657455854 -0.043138312742584631 0.094576389568948815 0.058199668205254969
leaf_weight=21 448 69 92 48 156 363 1031 859 140 15.999999999999998 23 1068 172 408 553 86 75 184 30 103 18 37 42 18
leaf_count=21 448 69 92 48 156 363 1031 859 140 16 23 1068 172 408 553 86 75 184 30 103 18 37 42 18
internal_value=3.4546e-05 -0.010493 0.0280216 -0.0132741 0.0197771 0.0254038 -0.0211889 -0.00478915 -0.0119392 0.0558675 -0.00997915 -0.00359698 0.0423339 0.018155 -0.0246124 -0.0151729 0.0511364 0.0529211 0.0409628 0.039257 0.0326821 -0.0314522 0.0779151 0.0848078
internal_weight=6060 4404 1656 4184 1300 1099 2172 2012 588 356 201 1927 328 771 1584 178 275 259 220 190 121 85 81 60
internal_count=6060 4404 1656 4184 1300 1099 2172 2012 588 356 201 1927 328 771 1584 178 275 259 220 190 121 85 81 60
cat_boundaries=0 1 2
cat_threshold=4 34
is_linear=0
shrinkage=0.07


Tree=11
num_leaves=25
num_cat=0
split_feature=1 2 0 2 5 0 1 5 1 4 5 5 0 2 2 0 0 1 5 3 5 2 0 1
split_gain=315.598 59.0798 48.1445 51.117 16.9439 14.2172 13.9556 15.5823 11.5486 10.4736 11.3094 9.97223 9.76524 8.24818 5.84726 9.5946 5.67357 7.48187 5.49646 3.74901 3.6626 3.84974 3.19972 2.73465
threshold=-0.24597841739067758 0.16992437270029298 167.44638238548131 0.41828930200783127 1.2956700941543329 118.45899899505474 -0.28164097888883005 1.3654269766544604 -0.54091645223304441 0.031794576103995408 1.0206818296556708 1.0045057147759378 99.155951882366267 0.20388807768568259 0.52608626114399071 202.50892782320423 237.2988041117774 0.029548402693085705 1.0152277711180415 0.44086867076349417 1.0912419283030166 0.35760974631528419 55.486984358709627 -0.36589900049486751
decision_type=2 2 2 2 2 2 2 2 2 2 2 2 2 2 2 2 2 2 2 2 2 2 2 2
left_child=2 4 8 6 9 -3 7 -4 12 -2 -11 -7 22 -13 15 -5 -6 -18 -16 -8 21 -10 -1 -22
right_child=1 5 3 14 16 11 19 -9 20 10 -12 13 -14 -15 18 -17 17 -19 -20 -21 23 -23 -24 -25
leaf_value=-0.027779143378313855 -0.025776123068501293 -0.029001003379374748 0.031896463345735246 0.00074943604585197231 -0.049264269347488884 0.023500296298859934 0.00072150256883920529 -0.038341918238624935 -0.02159050837224049 -4.9611445310268e-05 -0.0149768302412823 -0.0070282293615077157 0.046574578356523726 0.0022745034821221445 0.098955256647989168 0.056286614679530458 -0.027054129938870842 0.018034823752704422 0.05939488903734897 0.017609528381881904 -0.056479091253317883 0.0028366311485263024 0.011932448400308691 -0.013587703285925092
leaf_weight=15.999999999999998 303 87 726 17 55 82 79 14.999999999999998 61 328 1029 753 33 1226 31 151 523 18 58 352 15.000000000000002 64 23 14.999999999999998
leaf_count=16 303 87 726 17 55 82 79 15 61 328 1029 753 33 1226 31 151 523 18 58 352 15 64 23 15
internal_value=3.80301e-05 -0.00975778 0.0260798 0.030834 -0.0176664 -0.00144687 0.0245949 0.0304239 -0.00384926 -0.0140155 -0.011372 -0.000269905 0.0191462 -0.00126655 0.0590776 0.0507086 -0.0277931 -0.0255221 0.0741285 0.0145245 -0.0145897 -0.009155 -0.00462917 -0.0361861
internal_weight=6060 4404 1656 1429 2256 2148 1172 741 227 1660 1357 2061 72 1979 257 168 596 541 89 431 155 125 39 30
internal_count=6060 4404 1656 1429 2256 2148 1172 741 227 1660 1357 2061 72 1979 257 168 596 541 89 431 155 125 39 30
is_linear=0
shrinkage=0.07


Tree=12
num_leaves=25
num_cat=1
split_feature=6 1 1 0 1 3 5 1 0 1 1 0 0 4 5 0 5 0 0 5 0 0 3 0
split_gain=281.651 175.362 31.265 30.5767 30.6011 16.5752 10.7132 10.2277 10.8346 8.54455 7.93513 7.25829 6.73971 6.54957 6.38081 6.16613 4.68079 2.66129 3.23482 5.80632 2.90625 2.14899 3.56357 2.55322
threshold=0 -0.22108238293520077 -0.13960993829816262 193.48120000985435 -0.33692091644336547 0.60000093776369956 1.2956700941543329 -0.60452643153005992 102.18651520816461 -0.38535716203973064 -0.066898526415430135 118.45899899505474 262.66326847716306 0.19062469555860567 1.0139932103563123 682.92769828888629 1.1930119061850795 1736.6194861237182 291.06604732144746 1.0094747861723274 252.17969470054121 182.49768506779387 1.0326365967551558 455.54601281597434
decision_type=9 2 2 2 2 2 2 2 2 2 2 2 2 2 2 2 2 2 2 2 2 2 2 2
left_child=9 3 6 7 13 14 11 8 -2 21 -7 -3 -8 -5 -4 -6 -9 18 20 -20 -11 -1 23 -23
right_child=1 2 5 4 15 10 12 16 -10 17 -12 -13 -14 -15 -16 -17 -18 -19 19 -21 -22 22 -24 -25
leaf_value=0.040926718577716882 -0.003584785044960904 -0.030570027141769728 -0.01104704586238396 0.02013649446055293 0.017785035077774129 -0.020730290701985364 -0.060772733763035609 -0.01011733016958942 0.063025350166935667 0.043207363631510565 -0.00060846344238571211 -0.00093103454939677066 -0.014848405649231579 0.043947709129090642 -0.022434201043655601 0.0071691190989427722 -0.043583852814073148 0.069036041117969321 0.0085184016978039467 0.040002105439676132 0.072873425823229324 0.086523595520168556 0.05151456148442296 0.051166767849773177
leaf_weight=28 32 41 286 79 574 132 15.999999999999998 202 18 67 346 1128 228 227 1658 507 22 18 33 261 26 49 62 20
leaf_count=28 32 41 286 79 574 132 16 202 18 67 346 1128 228 227 1658 507 22 18 33 261 26 49 62 20
internal_value=3.6059e-05 -0.00483146 -0.0130684 0.0141534 0.0183728 -0.0178948 -0.00478826 -0.00719187 0.0211467 0.0466541 -0.00619826 -0.00199639 -0.0180985 0.0378883 -0.0207658 0.0128179 -0.0135864 0.0418481 0.0404071 0.0365114 0.0521956 0.0614692 0.0655114 0.0771626
internal_weight=6060 5496 3835 1661 1387 2422 1413 274 50 564 478 1169 244 306 1944 1081 224 405 387 294 93 159 131 69
internal_count=6060 5496 3835 1661 1387 2422 1413 274 50 564 478 1169 244 306 1944 1081 224 405 387 294 93 159 131 69
cat_boundaries=0 1
cat_threshold=34
is_linear=0
shrinkage=0.07


Tree=13
num_leaves=25
num_cat=1
split_feature=6 2 0 5 2 2 2 2 2 2 0 4 5 3 0 0 0 5 4 0 3 5 0 2
split_gain=244.191 144.253 33.6143 29.3396 27.5909 19.1847 7.92909 7.52866 7.19943 7.1499 7.04415 6.76215 5.11389 4.93846 4.30003 2.96094 2.42156 4.46954 2.30458 2.09451 3.53293 3.29618 2.01352 1.79043
threshold=0 0.2464740293989883 167.44638238548131 1.4197751261657099 0.16406981283876179 0.29526988838881429 0.38008955523848625 0.47679652907627273 0.75950585466796616 0.19930864000944823 118.45899899505474 0.19416221453747717 1.1032784152300892 0.909468699289258 240.14714033111451 1127.6893232963341 367.97194064694554 1.0102615324049238 0.20499774752242503 256.69933145510532 1.0326365967551558 1.0170558907309968 397.23394892980423 0.55103611248925011
decision_type=9 2 2 2 2 2 2 2 2 2 2 2 2 2 2 2 2 2 2 2 2 2 2 2
left_child=6 3 8 4 11 13 16 -7 12 14 -6 -2 -3 -4 -5 -11 -1 -18 -19 21 22 23 -21 -8
right_child=1 2 5 9 10 7 19 -9 -10 15 -12 -13 -14 -15 -16 -17 17 18 -20 20 -22 -23 -24 -25
leaf_value=0.04684374764428597 -0.015637588032997852 -0.0095050146845464673 0.010515725222383757 -0.049063533578316373 -0.027059303869366648 0.02174475072922135 0.036255752214242244 0.045135107212494086 0.020301822633128012 -0.021957002784437952 -0.00027801066955285725 0.013962615676873772 -0.034303582240966239 -0.0057682678489920204 -0.025488843812199891 -0.0055285216695038992 0.0053375656874179844 0.04362635845941526 0.029135217036063026 0.089470477630630624 0.046703236089433948 0.022344691626618927 0.059064390030254925 0.073652939792683239
leaf_weight=128 1557 163 567 41 49 698 14.999999999999998 75 30 92 1285 38 54 108 609 130 24 134 109 30 48 23 35 18
leaf_count=128 1557 163 567 41 49 698 15 75 30 92 1285 38 54 108 609 130 24 134 109 30 48 23 35 18
internal_value=3.81316e-05 -0.00449416 0.0124752 -0.0120747 -0.00871331 0.0165457 0.0434455 0.0240705 -0.0113555 -0.0233416 -0.00128179 -0.0149236 -0.0158083 0.00790457 -0.02705 -0.0124078 0.0385677 0.0344376 0.0372751 0.0571037 0.0630681 0.0441609 0.0742516 0.0582411
internal_weight=6060 5496 1695 3801 2929 1448 564 773 247 872 1334 1595 217 675 650 222 395 267 243 169 113 56 65 33
internal_count=6060 5496 1695 3801 2929 1448 564 773 247 872 1334 1595 217 675 650 222 395 267 243 169 113 56 65 33
cat_boundaries=0 1
cat_threshold=34
is_linear=0
shrinkage=0.07


Tree=14
num_leaves=25
num_cat=1
split_feature=6 2 0 5 2 2 2 0 2 2 4 2 5 5 0 0 5 5 4 0 0 4 4 3
split_gain=211.741 124.814 29.096 25.4041 23.8578 16.6456 7.05141 6.33607 6.24936 6.18601 6.01792 5.84185 4.43799 4.3873 3.69909 2.72097 3.83322 2.6861 2.47146 2.26164 2.16361 2.71307 1.64359 1.54166
threshold=0 0.2464740293989883 167.44638238548131 1.4197751261657099 0.16406981283876179 0.30673127512517351 0.36294860980547949 191.79199236699813 0.75950585466796616 0.19734860710510485 0.06995037303156211 0.43143031421019612 1.1032784152300892 1.0116278068964561 240.14714033111451 294.25612922991149 1.0094747861723274 1.0448268949953108 0.19836191178148668 1127.6893232963341 182.49768506779387 0.23810854028651132 0.10458518511706977 0.57671949843777248
decision_type=9 2 2 2 2 2 2 2 2 2 2 2 2 2 2 2 2 2 2 2 2 2 2 2
left_child=6 3 8 4 10 13 15 -6 12 14 -2 -7 -3 -4 -5 17 23 22 -18 -11 -8 -22 -1 -17
right_child=1 2 5 9 7 11 20 -9 -10 19 -12 -13 -14 -15 -16 16 18 -19 -20 -21 21 -23 -24 -25
leaf_value=0.031762941139936454 -0.018605347568924586 -0.0088437203356678176 0.024440253517302602 -0.045710858786106111 -0.015512542648071096 0.020257764506237334 0.032723059757228105 0.0004296995114656942 0.018926537407117507 -0.020294223908954547 -0.0099426665894917603 0.036897323676442842 -0.031945991172086109 0.006822232199998674 -0.023822231033519291 -0.006904501341020359 0.040664092725411161 0.028095493746316064 0.025899127697443299 -0.0062415994695125447 0.073931307219465586 0.049841311436634742 0.062569528294964288 0.023472843370586638
leaf_weight=14.999999999999998 723 163 76 41 135 525 30 1199 30 94 872 131 54 716 596 16.000000000000004 142 31 106 141 35 131 43 14.999999999999998
leaf_count=15 723 163 76 41 135 525 30 1199 30 94 872 131 54 716 596 16 142 31 106 141 35 131 43 15
internal_value=3.97623e-05 -0.00418066 0.0116039 -0.0112319 -0.00810409 0.015391 0.0404601 -0.00119353 -0.0105672 -0.021716 -0.013879 0.0236328 -0.0147161 0.00854242 -0.0253016 0.0352506 0.0315895 0.0462414 0.0344854 -0.0119278 0.0520629 0.055337 0.0552876 0.00804653
internal_weight=6060 5496 1695 3801 2929 1448 564 1334 247 872 1595 656 217 792 637 368 279 89 248 235 196 166 58 31
internal_count=6060 5496 1695 3801 2929 1448 564 1334 247 872 1595 656 217 792 637 368 279 89 248 235 196 166 58 31
cat_boundaries=0 1
cat_threshold=34
is_linear=0
shrinkage=0.07


Tree=15
num_leaves=25
num_cat=2
split_feature=1 6 6 0 1 1 2 5 1 0 5 0 5 1 0 0 4 5 5 4 0 0 5 0
split_gain=184.979 67.3787 49.514 21.9326 21.9803 20.7261 16.0538 16.4545 9.80367 12.0883 8.22645 6.07382 5.87086 5.55675 5.52956 5.23078 4.19052 3.61546 3.0622 2.27437 2.05417 2.42046 1.6519 1.9717
threshold=-0.22001518833610276 0 1 223.46458169236928 -0.33692091644336547 -0.13960993829816262 0.23340812257646129 1.1773898055114416 -0.60452643153005992 102.18651520816461 1.2956700941543329 591.07116251133118 1.0139932103563123 -0.48054807903769586 262.66326847716306 93.56194747212561 0.23626463763355329 1.1930119061850795 1.0386483134318785 0.46242056322003516 193.48120000985435 367.97194064694554 3.0376562294687313 335.16740841461711
decision_type=2 9 9 2 2 2 2 2 2 2 2 2 2 2 2 2 2 2 2 2 2 2 2 2
left_child=2 5 13 8 16 10 12 -8 9 -4 15 -6 -7 18 -12 -2 -5 -10 19 -1 -15 -22 23 -3
right_child=1 22 3 4 11 6 7 -9 17 -11 14 -13 -14 20 -16 -17 -18 -19 -20 -21 21 -23 -24 -25
leaf_value=0.074131161824613809 -0.036154438026746116 0.039046383688896902 -0.0037657982456187409 0.022115729333665866 0.01697629775693358 -0.0074922012572665878 -0.027073023876867757 0.0085788536461375662 -0.0069709855446014914 0.064455446022748955 -0.054421515828721671 0.0062856274262086493 -0.018478559032785152 0.01316267407735189 -0.012798443771494479 -0.00089205672496994119 0.039793981225463716 -0.033548790285736325 0.031485450996052142 0.039404307156966793 0.047932295211877043 0.032885457560353451 0.046029756141901017 0.021977703873469281
leaf_weight=43 20 59 32 115 461 277 84 249 254 20 15.999999999999998 602 1806 20 222 1128 171 27 21 17 81 206 39 90
leaf_count=43 20 59 32 115 461 277 84 249 254 20 16 602 1806 20 222 1128 171 27 21 17 81 206 39 90
internal_value=4.0348e-05 -0.00876801 0.0170152 0.0115513 0.0155892 -0.0107997 -0.0147417 -0.000466448 -0.00445621 0.023181 -0.00399978 0.0109342 -0.0170222 0.0393017 -0.0158156 -0.00153792 0.0327899 -0.00963712 0.0568918 0.0651106 0.0357648 0.0372862 0.0310821 0.0289564
internal_weight=6060 3990 2070 1682 1349 3802 2416 333 333 52 1386 1063 2083 388 238 1148 286 281 81 60 307 287 188 149
internal_count=6060 3990 2070 1682 1349 3802 2416 333 333 52 1386 1063 2083 388 238 1148 286 281 81 60 307 287 188 149
cat_boundaries=0 1 2
cat_threshold=4 34
is_linear=0
shrinkage=0.07


Tree=16
num_leaves=25
num_cat=2
split_feature=1 6 1 6 0 2 5 2 5 0 5 5 5 3 1 5 0 5 3 3 3 0 0 0
split_gain=161.828 65.2146 30.9752 28.9476 17.9064 13.9093 18.9619 12.5636 11.2529 7.49892 6.52758 4.93844 4.50865 4.24916 3.90528 3.69036 3.23516 2.66387 2.07229 1.95925 1.71477 3.16355 0.962921 1.93632
threshold=-0.25866092614171199 0 -0.13960993829816262 1 167.44638238548131 0.25847804793417367 3.0376562294687313 0.42508752297227387 1.3654269766544604 142.6852762475317 1.2956700941543329 1.1930119061850795 1.0170558907309968 0.65109609943328606 -0.48054807903769586 1.0722031258009814 1127.6893232963341 1.0392366406229885 0.80015662204880955 0.99766968832129976 0.80662962639306146 423.60258894039356 367.97194064694554 207.15793069997738
decision_type=2 9 2 9 2 2 2 2 2 2 2 2 2 2 2 2 2 2 2 2 2 2 2 2
left_child=3 2 9 14 11 12 -7 8 -6 15 -11 13 -4 -5 17 -2 20 19 -9 -1 21 -3 23 -16
right_child=1 16 5 4 7 6 -8 18 -10 10 -12 -13 -14 -15 22 -17 -18 -19 -20 -21 -22 -23 -24 -25
leaf_value=0.074699689380923917 -0.010967936250593129 0.032373485662765114 -0.0078145608349986708 -0.010068636239688952 0.016627868543473777 -0.022711918403107281 0.01695733907680708 0.022251061197799266 -0.033130460443185725 0.00097637890274449469 -0.010260857728806944 -0.037110963978370035 -0.016843807670795151 0.012477450732678615 0.021399624280089687 -0.041296214126334378 0.049967639023416187 0.028601337533940875 0.044052808460301351 0.045630312221723077 0.044668521113499358 0.013810508037226067 0.0312077173765117 0.047551428688306079
leaf_weight=29 57 96 321 102 797 94 155 32 22 1543 302 20 1846 67 21 30 33 20 96 32 22 89 170 64
leaf_count=29 57 96 321 102 797 94 155 32 22 1543 302 20 1846 67 21 30 33 20 96 32 22 89 170 64
internal_value=4.10515e-05 -0.00643861 -0.00840996 0.0202283 0.0144259 -0.0137111 0.00194805 0.0184759 0.0152516 -0.00182025 -0.000867178 -0.00509438 -0.0155108 -0.00110531 0.0381818 -0.0217844 0.0283329 0.0530344 0.0388225 0.0604434 0.026019 0.0235692 0.0347639 0.0414225
internal_weight=6060 4588 4348 1472 1136 2416 249 947 819 1932 1845 189 2167 169 336 87 240 81 128 61 207 185 255 85
internal_count=6060 4588 4348 1472 1136 2416 249 947 819 1932 1845 189 2167 169 336 87 240 81 128 61 207 185 255 85
cat_boundaries=0 1 2
cat_threshold=4 34
is_linear=0
shrinkage=0.07


Tree=17
num_leaves=25
num_cat=2
split_feature=1 6 6 0 1 1 2 1 4 0 4 0 0 0 2 4 1 0 0 0 0 3 0 4
split_gain=140.158 50.1699 38.0166 18.1726 17.3195 14.252 12.381 8.34489 10.3987 7.96889 5.16787 4.70878 5.08388 4.70047 4.28225 3.45461 3.36524 1.71115 1.82743 1.428 2.34271 1.35157 3.27883 3.11314
threshold=-0.21717898654221182 0 1 223.46458169236928 -0.33692091644336547 -0.13960993829816262 0.22482871442556013 -0.60452643153005992 0.14079803971584451 291.06604732144746 0.40202203711122259 102.18651520816461 1099.0936508742564 412.35652656870349 0.48705207305383164 0.18389437338958922 -0.2676742382639592 176.103194805561 367.97194064694554 264.72188847517299 435.56922742023806 0.35105175449028442 483.73878903905586 0.11243172263189292
decision_type=2 9 9 2 2 2 2 2 2 2 2 2 2 2 2 2 2 2 2 2 2 2 2 2
left_child=2 5 14 7 15 11 13 8 -4 -8 -6 -2 -13 -7 17 -5 -9 -1 -19 -16 -21 22 23 -3
right_child=1 21 3 4 10 6 9 16 -10 -11 -12 12 -14 -15 19 -17 -18 18 -20 20 -22 -23 -24 -25
leaf_value=0.0073825829803943642 -0.03118347571055095 0.041075568001270296 -0.0060033797089130659 0.01443165896214656 0.0086162997391090804 -0.011241549174260393 -0.022548939346050952 -0.0043574885824117175 0.056361847702421898 0.0039830634328233468 0.036393936931736329 -0.00081807926974226714 -0.011343855223266617 -0.017996674914728512 0.037903906262043471 0.033035845930461362 -0.020997281802397853 0.040909957273762967 0.028337210984826087 0.07484408457775911 0.036576977417866391 0.033135104474862079 -0.0053862178052726554 0.0049027561633210445
leaf_weight=14.999999999999998 29 34 30 66 1068 950 67 202 22 300 33 1027 287 1099 37 220 84 90 209 23 17 115 18 18
leaf_count=15 29 34 30 66 1068 950 67 202 22 300 33 1027 287 1099 37 220 84 90 209 23 17 115 18 18
internal_value=4.18419e-05 -0.0077552 0.0145718 0.00988343 0.0134857 -0.00951401 -0.0127522 -0.00460124 0.0209343 -0.000906864 0.00948178 -0.00375366 -0.0031245 -0.0148721 0.0340553 0.0288103 -0.00930327 0.0310893 0.0322477 0.0499537 0.0598864 0.0269022 0.0201191 0.0288962
internal_weight=6060 3944 2116 1725 1387 3759 2416 338 52 367 1101 1343 1314 2049 391 286 286 314 299 77 40 185 70 52
internal_count=6060 3944 2116 1725 1387 3759 2416 338 52 367 1101 1343 1314 2049 391 286 286 314 299 77 40 185 70 52
cat_boundaries=0 1 2
cat_threshold=4 34
is_linear=0
shrinkage=0.07


Tree=18
num_leaves=25
num_cat=2
split_feature=1 6 1 6 0 2 5 2 5 5 0 4 0 1 5 2 0 4 5 0 4 4 2 4
split_gain=122.443 48.8212 22.9363 21.7528 14.0505 10.807 15.5325 9.81287 9.85884 6.27572 5.78364 5.59262 4.74254 8.67826 4.01784 3.00857 2.8423 2.8377 2.44477 3.16359 1.57843 3.22674 1.00803 2.01102
threshold=-0.25866092614171199 0 -0.13960993829816262 1 167.44638238548131 0.25847804793417367 3.0376562294687313 0.42508752297227387 1.3654269766544604 1.2956700941543329 294.25612922991149 0.16621456651047381 45.515604149473909 -0.57135864627967481 1.4197751261657099 0.48705207305383164 1127.6893232963341 0.34469927533943306 1.0063063409823791 264.72188847517299 0.046791086948244111 0.077726667375258962 0.28403132817703625 0.19836191178148668
decision_type=2 9 2 9 2 2 2 2 2 2 2 2 2 2 2 2 2 2 2 2 2 2 2 2
left_child=3 2 9 15 12 14 -7 8 -6 11 -11 -2 -5 -14 -4 22 20 -9 -17 -20 -3 -22 23 -1
right_child=1 16 5 4 7 6 -8 17 -10 10 -12 -13 13 -15 -16 18 -18 -19 19 -21 21 -23 -24 -25
leaf_value=0.035785818560333818 -0.0026935777943764075 0.00031675968803465373 -0.011214751658106056 -0.040003849123505991 0.014595876849612648 -0.020378554712341439 0.015524717629883883 0.022225224880240858 -0.031965661551123084 -0.04306653418850899 -0.0078815012328099562 0.0061200543184701771 0.026499082833776874 -0.0099999917052294093 -0.017559588849254727 0.069807609276708801 0.04461873507464633 0.043850329993069176 0.018436618190991266 0.05220282022237778 0.052595350225104233 0.020889832855388524 0.032068849123944837 0.0024622446821630003
leaf_weight=15.999999999999998 1105 14.999999999999998 1407 15.999999999999998 797 94 155 59 22 24 286 517 41 132 760 18 33 69 25 34 17 175 224 19
leaf_count=16 1105 15 1407 16 797 94 155 59 22 24 286 517 41 132 760 18 33 69 25 34 17 175 224 19
internal_value=4.27105e-05 -0.00559354 -0.00729915 0.0176024 0.0125704 -0.011861 0.00194077 0.0161562 0.0133068 -0.00162869 -0.0107375 0.000117308 -0.00472159 -0.00124332 -0.0134474 0.0331683 0.0244922 0.0341375 0.0465922 0.0384525 0.0222586 0.0239587 0.0302865 0.0182862
internal_weight=6060 4588 4348 1472 1136 2416 249 947 819 1932 310 1622 189 173 2167 336 240 128 77 59 207 192 259 35
internal_count=6060 4588 4348 1472 1136 2416 249 947 819 1932 310 1622 189 173 2167 336 240 128 77 59 207 192 259 35
cat_boundaries=0 1 2
cat_threshold=4 34
is_linear=0
shrinkage=0.07


Tree=19
num_leaves=25
num_cat=0
split_feature=1 2 0 2 2 5 0 5 4 5 4 0 0 0 4 4 5 3 2 2 5 0 2 4
split_gain=106.079 19.6559 21.035 13.7793 11.8952 12.041 7.78668 7.14969 7.4662 6.33815 4.98673 8.85207 4.87858 4.40492 4.48651 4.18845 5.90933 5.70628 3.93389 3.84934 3.74672 3.13557 5.58062 2.79124
threshold=-0.21717898654221182 0.28687980075455621 118.45899899505474 0.15068222449389509 0.60147855803764505 1.1930119061850795 226.21612674485903 1.0034683674508058 0.12177243635586942 2.3850734682036978 0.031794576103995408 281.26852863598816 118.45899899505474 378.86074575514209 0.13994064584587013 0.19674395499855704 1.0379356149461227 0.37638762298217293 0.18101325433266721 0.29397536267502955 1.0363443200172602 45.515604149473909 0.75950585466796616 0.59852297430366597
decision_type=2 2 2 2 2 2 2 2 2 2 2 2 2 2 2 2 2 2 2 2 2 2 2 2
left_child=1 6 21 9 5 -4 15 8 18 10 -2 -12 20 14 -8 17 -17 -1 -5 -14 -9 -3 -23 -6
right_child=3 2 4 7 23 -7 13 12 -10 -11 11 -13 19 -15 -16 16 -18 -19 -20 -21 -22 22 -24 -25
leaf_value=-0.018644840600864687 -0.017445011789734809 -0.037048171223327521 0.022639248396058038 -0.020805047292411331 0.062948278032497668 -0.0034082774856655875 -0.0019172025100141767 0.00020122388066916633 0.051883296098527695 -0.021793350663002101 0.0013285693027685322 -0.011431270577729221 -0.0038676068625545929 0.0051015871257527679 0.025652082201289863 -0.00083244752569331065 -0.057058881718348713 0.018691045157164337 0.020159037579651234 0.007395822927000484 -0.031422409020279943 -0.010709715949712942 0.030819252141369019 0.027972127234246583
leaf_weight=46 316 14.999999999999998 894 19 40 96 39 28 22 240 380 888 1812 675 109 17 19 34 26 161 52 95 18 19
leaf_count=46 316 15 894 19 40 96 39 28 22 240 380 888 1812 675 109 17 19 34 26 161 52 95 18 19
internal_value=4.29249e-05 0.0126836 0.0187067 -0.00674027 0.0219739 0.0201118 0.00512131 -0.00289981 0.019434 -0.0111996 -0.00958125 -0.00760876 -0.00363812 0.00751664 0.0184184 -0.0117862 -0.0312665 -0.00273359 0.00277159 -0.00294486 -0.0204797 -0.00802587 -0.00387603 0.0523504
internal_weight=6060 2116 1177 3944 1049 990 939 2120 67 1824 1584 1268 2053 823 148 116 36 80 45 1973 80 128 113 59
internal_count=6060 2116 1177 3944 1049 990 939 2120 67 1824 1584 1268 2053 823 148 116 36 80 45 1973 80 128 113 59
is_linear=0
shrinkage=0.07


Tree=20
num_leaves=25
num_cat=1
split_feature=6 1 4 4 5 4 4 5 2 1 1 5 2 5 5 1 4 4 4 4 3 4 3 1
split_gain=97.5346 60.4109 14.1229 7.72735 8.46938 12.171 5.94741 7.06156 4.10439 10.6365 5.38392 4.10002 3.33732 3.2338 3.0097 2.32587 2.07631 2.57036 1.69353 3.32478 3.00222 2.30035 1.64789 1.25177
threshold=0 -0.19163367940167028 0.3516303400816681 0.15606860291083377 1.0215725624895839 0.074564022872577768 0.086565171535403565 1.1930119061850795 0.27943963565823104 -0.060110665256159941 -0.13860216697888664 1.0166360785762547 0.36294860980547949 1.2956700941543329 1.2956700941543329 -0.27440620552328326 0.14079803971584451 0.23810854028651132 0.072779495837470107 0.049756597398799209 0.34033849793850096 0.10220540762763101 0.5030961012443792 -0.54091645223304441
decision_type=9 2 2 2 2 2 2 2 2 2 2 2 2 2 2 2 2 2 2 2 2 2 2 2
left_child=12 2 6 4 5 -3 11 -8 10 -10 -5 -2 18 -6 15 -4 -14 -18 19 -1 21 -20 -22 -19
right_child=1 3 14 8 13 -7 7 -9 9 -11 -12 -13 16 -15 -16 -17 17 23 20 -21 22 -23 -24 -25
leaf_value=0.014540120042115448 0.0038903104786020132 -0.0109331855146099 0.030478848089545964 0.0020454135494679215 -0.010949951288858856 0.011274621087598038 0.0080906209597184347 -0.0037724158228099993 -0.02096763831441309 0.016763596685276941 -0.010261361933646329 -0.012867179491142433 0.0095913362015970071 -0.017104973134242429 -0.00054608586681160066 0.0047586601322904855 0.055329717430770406 0.044352825837284331 -0.016902269856259228 0.061113128552717333 0.032650711587512052 0.017102593013763431 0.020995680562095439 0.028596267869740458
leaf_weight=15.000000000000002 136 338 149 279 1223 187 1411 297 50 129 461 149 14.999999999999998 646 21 20 34 39 14.999999999999998 15.999999999999998 92 24 206 108
leaf_count=15 136 338 149 279 1223 187 1411 297 50 129 461 149 15 646 21 20 34 39 15 16 92 24 206 108
internal_value=4.03476e-05 -0.00282406 0.0062099 -0.00878551 -0.0108798 -0.00301525 0.00446438 0.00602638 -0.00332328 0.00616232 -0.00562393 -0.00488253 0.0274736 -0.0130858 0.0243966 0.0274851 0.0354478 0.0375222 0.0238846 0.0397583 0.022309 0.00391071 0.0246934 0.0330527
internal_weight=6060 5496 2183 3313 2394 525 1993 1708 919 179 740 285 564 1869 190 169 196 181 368 31 337 39 298 147
internal_count=6060 5496 2183 3313 2394 525 1993 1708 919 179 740 285 564 1869 190 169 196 181 368 31 337 39 298 147
cat_boundaries=0 1
cat_threshold=34
is_linear=0
shrinkage=0.07


Tree=21
num_leaves=25
num_cat=1
split_feature=6 1 0 1 1 2 5 0 1 0 5 0 0 2 5 5 0 0 0 3 5 3 5 1
split_gain=84.5699 52.6264 12.315 10.8979 9.01412 8.17801 8.32935 7.2266 6.02123 7.31264 5.69061 5.51856 4.8245 3.13295 2.6839 2.49024 2.00878 2.77096 1.82086 2.29191 1.78492 1.58421 1.52024 0.770002
threshold=0 -0.22108238293520077 223.46458169236928 -0.33047887022125116 -0.13014293043013067 0.20670453500288977 3.0376562294687313 102.18651520816461 -0.60452643153005992 102.18651520816461 1.0206818296556708 559.81299855810471 682.92769828888629 0.36294860980547949 1.1930119061850795 1.0027693186414923 1836.5223093316761 420.75085802053712 182.49768506779387 1.0326365967551558 1.0094747861723274 1.147661947730106 1.0363443200172602 -0.27968726344293104
decision_type=9 2 2 2 2 2 2 2 2 2 2 2 2 2 2 2 2 2 2 2 2 2 2 2
left_child=1 2 8 14 7 10 -7 -3 9 -1 -6 -9 -5 16 -4 -10 17 23 -15 22 -19 -21 -20 -2
right_child=13 4 3 12 5 6 -8 11 15 -11 -12 -13 -14 18 -16 -17 -18 20 19 21 -22 -23 -24 -25
leaf_value=-0.003588155390728604 0.035725873457073308 -0.032878357407068598 0.023269526021754396 0.011876580971754438 -0.0037764148844856007 -0.014738187100416182 0.005139187987892509 0.0021762628287837508 0.0091618887442350399 0.049451949428021912 -0.01401891208580539 -0.0062335462340425297 0.0021201061730004821 0.016307683941072997 -0.0024363370139490479 -0.010836526796437408 0.046737728449702268 -0.0042997953971227014 0.051904255600990018 0.0084916845515370376 0.017462039452173908 0.032203647823322495 0.032084156032719392 0.024063594627946064
leaf_weight=32 48 38 314 502 326 156 301 708 34 20 1465 829 492 30 21 246 14.999999999999998 20 51 20 190 52 43 107
leaf_count=32 48 38 314 502 326 156 301 708 34 20 1465 829 492 30 21 246 15 20 51 20 190 52 43 107
internal_value=4.05431e-05 -0.00265733 0.00773782 0.010749 -0.00718175 -0.0100263 -0.00166192 -0.00311747 -0.00430983 0.0173468 -0.0121581 -0.00236032 0.00705511 0.0252955 0.0216536 -0.00838169 0.0218992 0.0207516 0.0330161 0.0359158 0.0153756 0.0258331 0.0432781 0.0278855
internal_weight=6060 5484 1661 1329 3823 2248 457 1575 332 52 1791 1537 994 576 335 280 380 365 196 166 210 72 94 155
internal_count=6060 5484 1661 1329 3823 2248 457 1575 332 52 1791 1537 994 576 335 280 380 365 196 166 210 72 94 155
cat_boundaries=0 1
cat_threshold=4
is_linear=0
shrinkage=0.07


Tree=22
num_leaves=25
num_cat=1
split_feature=6 2 0 2 5 5 3 3 0 5 4 4 0 2 5 0 5 0 5 4 4 0 5 3
split_gain=73.4033 43.1712 13.2902 15.0668 10.4625 8.48215 6.41328 6.24947 5.67106 6.26559 3.89452 3.65789 3.49435 2.56172 2.47601 1.75474 3.90029 2.45222 1.86082 1.74327 1.67958 1.67012 2.63455 2.55263
threshold=0 0.20388807768568259 246.30454859619809 0.28291790870093908 2.3850734682036978 1.0017608061064307 0.82253917941594568 0.80662962639306146 102.18651520816461 1.0220699409319891 0.3516303400816681 0.037418066596556006 277.6414578739728 0.38008955523848625 1.0846718940007498 294.25612922991149 1.0094747861723274 252.17969470054121 1.0112189624795644 0.20084923483951792 0.092633735097927619 256.69933145510532 1.0170558907309968 1.0326365967551558
decision_type=9 2 2 2 2 2 2 2 2 2 2 2 2 2 2 2 2 2 2 2 2 2 2 2
left_child=13 4 5 6 8 11 -4 -7 14 -10 -5 -3 -6 15 -2 17 -17 18 -1 -18 -14 22 -15 -23
right_child=1 2 3 10 12 7 -8 -9 9 -11 -12 -13 20 21 -16 16 19 -19 -20 -21 -22 23 -24 -25
leaf_value=0.039970614504218106 -0.013415998385525959 0.0033390514234701799 0.00398244609901411 0.011614443452003806 -0.046617278971274705 -0.013114334231942856 -0.0095347495756260506 0.0073685252911269514 0.00078222127564237908 -0.0077193151476265031 0.024087586291277451 0.045897010315358644 -0.0099967352466016519 0.033390985159838897 -0.034386622665723163 -0.0042286230109632025 0.0263950091217568 0.047793397350968034 0.013866996631321188 0.014848952099763685 -0.020061735989802924 0.045727841197134876 0.002561497505257527 0.023507099244424273
leaf_weight=19 78 20 1016 693 20 356 206 91 550 1860 150 19 121 33 44 33 145 26 47 125 272 65 23 48
leaf_count=19 78 20 1016 693 20 356 206 91 550 1860 150 19 121 33 44 33 145 26 47 125 272 65 23 48
internal_value=4.09338e-05 -0.00244399 0.00421644 0.00666738 -0.00822136 -0.0061884 0.00169726 -0.00893574 -0.00653083 -0.00577932 0.0138606 0.024719 -0.018543 0.0238398 -0.0212029 0.0210566 0.0183581 0.0296435 0.0218765 0.0211267 -0.0169979 0.0315809 0.0210082 0.0365841
internal_weight=6060 5496 2551 2065 2945 486 1222 447 2532 2410 843 39 413 564 122 395 303 92 66 270 393 169 56 113
internal_count=6060 5496 2551 2065 2945 486 1222 447 2532 2410 843 39 413 564 122 395 303 92 66 270 393 169 56 113
cat_boundaries=0 1
cat_threshold=34
is_linear=0
shrinkage=0.07


Tree=23
num_leaves=23
num_cat=1
split_feature=6 1 0 1 5 0 4 0 4 5 4 0 0 5 1 3 5 4 4 3 4 5
split_gain=63.6942 40.7003 11.2616 11.2484 8.25785 7.48546 6.71762 5.84934 5.6535 5.65757 10.1163 3.92889 3.67684 3.2827 2.50603 2.29174 2.18963 2.1697 2.01712 2.81702 1.75538 0.589157
threshold=0 -0.19163367940167028 271.55833877585206 -0.30562470929304525 1.0034683674508058 163.184919428717 0.34469927533943306 283.37526960071779 0.15606860291083377 1.0215725624895839 0.074564022872577768 697.26799794484748 182.49768506779387 1.0116278068964561 -0.48054807903769586 0.41599381145183911 1.0386483134318785 0.046791086948244111 0.072779495837470107 0.34447778210598401 0.46242056322003516 1.0063063409823791
decision_type=9 2 2 2 2 2 2 2 2 2 2 2 2 2 2 2 2 2 2 2 2 2
left_child=1 2 4 11 5 -1 -6 -5 9 10 -3 -4 -11 -10 16 -15 20 -16 -19 -20 21 -2
right_child=14 8 3 7 6 -7 -8 -9 13 12 -12 -13 -14 15 17 -17 -18 18 19 -21 -22 -23
leaf_value=-0.0014341178628002726 0.061645772117376332 -0.0097500963557522555 0.021921330724051679 0.046636402001790707 -0.011096971506861666 0.044770916531582675 0.013448414426139791 0.0040195368935881303 0.027952498379612674 -0.018817531672375543 0.01056620219744021 0.0065195860308487862 -0.0095833436519679738 -0.017987296291068197 -0.0039437261266840832 -0.0022586868036442507 0.013513063414327125 0.042413559424064377 0.0030426850153641273 0.021961247121933626 0.019850922289159564 0.039131308997088464
leaf_weight=40 14.999999999999998 338 306 14.999999999999998 376 29 63 1239 15.999999999999998 244 185 112 1620 47 17 854 21 21 43 414 17 28
leaf_count=40 15 338 306 15 376 29 63 1239 16 244 185 112 1620 47 17 854 21 21 43 414 17 28
internal_value=4.02658e-05 -0.00230107 0.00511717 0.00788946 -0.0040036 0.0183376 -0.00755036 0.00456662 -0.00720292 -0.00899731 -0.00255586 0.0178216 -0.0108019 -0.00252655 0.0219577 -0.00309897 0.0338762 0.0203843 0.0212574 0.0201932 0.0406534 0.0482236
internal_weight=6060 5484 2180 1672 508 69 439 1254 3304 2387 523 418 1864 917 576 901 81 495 478 457 60 43
internal_count=6060 5484 2180 1672 508 69 439 1254 3304 2387 523 418 1864 917 576 901 81 495 478 457 60 43
cat_boundaries=0 1
cat_threshold=4
is_linear=0
shrinkage=0.07


Tree=24
num_leaves=24
num_cat=1
split_feature=6 1 0 1 1 2 5 0 0 1 0 0 5 5 1 5 0 3 2 2 0 2 5
split_gain=55.1997 35.8418 8.02715 7.78326 6.50051 5.68704 9.86859 5.5886 4.86879 10.58 4.76167 3.69571 3.23412 2.84503 2.20565 1.90787 1.89949 1.5549 1.18733 2.66928 0.949596 0.754462 0.676426
threshold=0 -0.22108238293520077 223.46458169236928 -0.33692091644336547 -0.13014293043013067 0.23340812257646129 1.1773898055114416 102.18651520816461 45.515604149473909 -0.60452643153005992 682.92769828888629 682.92769828888629 1.0170558907309968 1.1930119061850795 -0.48054807903769586 1.0386483134318785 1736.6194861237182 0.99766968832129976 0.16086708131400704 0.14281889774290502 367.97194064694554 0.63675328713938584 1.0260926801053476
decision_type=9 2 2 2 2 2 2 2 2 2 2 2 2 2 2 2 2 2 2 2 2 2 2
left_child=1 2 8 13 7 12 -7 22 -1 -10 -9 -5 -6 -4 15 17 18 -2 19 -16 -20 -19 -3
right_child=14 4 3 11 5 6 -8 10 9 -11 -12 -13 -14 -15 16 -17 -18 21 20 -21 -22 -23 -24
leaf_value=-0.037698100550551165 0.050239442563879078 -0.018170528280735017 0.020892925103012213 0.010101492651908534 -0.0028770273807562064 -0.020678542138797693 0.007206645046868982 0.0016461219660596407 0.03107646480036336 -0.0062801265541655134 -0.0062127226819405921 0.0017622600396325096 -0.010949986267332571 -0.0074707097953871692 0.016685293062005131 0.012610145265541295 0.040494167145490652 0.014480696589748068 0.024488304947671107 -0.015011260478987416 0.016980772673365358 0.037238283413648612 -0.038568994257952044
leaf_weight=18 28 20 268 536 287 82 247 872 42 272 665 507 1632 18 56 21 19 17 133 15.999999999999998 271 14.999999999999998 18
leaf_count=18 28 20 268 536 287 82 247 872 42 272 665 507 1632 18 56 21 19 17 133 16 271 15 18
internal_value=4.09896e-05 -0.00213864 0.00644015 0.00887119 -0.00587241 -0.00828799 0.000212815 -0.00242113 -0.00328664 -0.00119837 -0.00175547 0.00605405 -0.00974511 0.0190856 0.0204446 0.0316211 0.0189664 0.0379477 0.0180226 0.00952288 0.0195084 0.0259747 -0.0285921
internal_weight=6060 5484 1661 1329 3823 2248 329 1575 332 314 1537 1043 1919 286 576 81 495 60 476 72 404 32 38
internal_count=6060 5484 1661 1329 3823 2248 329 1575 332 314 1537 1043 1919 286 576 81 495 60 476 72 404 32 38
cat_boundaries=0 1
cat_threshold=4
is_linear=0
shrinkage=0.07


Tree=25
num_leaves=25
num_cat=1
split_feature=1 6 4 5 1 5 0 0 0 0 5 3 0 5 0 4 0 1 0 1 0 3 0 1
split_gain=48.2647 20.6525 10.6755 9.4356 9.11354 6.75863 5.30084 4.76194 4.5099 5.32915 4.34313 5.47679 4.13273 3.76549 3.67524 3.6155 2.87187 2.75882 2.45456 2.10786 2.03651 1.40101 2.21889 0.624224
threshold=-0.25866092614171199 0 0.17636168590587603 1.1826742013168328 -0.13960993829816262 1.0014840486863905 483.73878903905586 763.51414421657205 182.49768506779387 246.30454859619809 1.2956700941543329 0.96341895881876272 45.515604149473909 1.0969180696649377 138.95621836638162 0.16621456651047381 246.30454859619809 -0.54091645223304441 707.83535335803094 -0.36144193704063299 1127.6893232963341 0.80662962639306146 423.60258894039356 -0.013571060039192999
decision_type=2 9 2 2 2 2 2 2 2 2 2 2 2 2 2 2 2 2 2 2 2 2 2 2
left_child=2 4 12 5 10 -4 19 -7 14 -10 15 -12 -1 17 -6 -2 -15 -14 -8 -5 21 22 -3 -22
right_child=1 20 3 6 8 7 18 -9 9 -11 11 -13 13 16 -16 -17 -18 -19 -20 -21 23 -23 -24 -25
leaf_value=-0.03105407316474354 -0.0018423547608418319 0.019238557155399592 0.061870866295892536 -0.038849726793954251 -0.009219829087720139 0.019492085438715501 0.032679504658106498 0.0054744859842455968 0.0039332350935212586 -0.0074481927150905026 -0.012348977123659345 0.014328511164337398 0.026334322539716962 -0.029937605662763121 -0.023714986665427252 0.0052440766749500831 -0.00054513613156353437 0.00492357098410967 0.0017524011389017107 -0.0089765603460258622 0.042404025797121651 0.030506578658067666 0.0038674391955468394 0.020624327309166687
leaf_weight=15.999999999999998 1105 96 15.999999999999998 18 236 684 15.999999999999998 145 226 1818 267 43 31 24 136 517 47 394 49 32 17 22 89 15.999999999999998
leaf_count=16 1105 96 16 18 236 684 16 145 226 1818 267 43 31 24 136 517 47 394 49 32 17 22 89 16
internal_value=3.95535e-05 -0.00349906 0.0110643 0.0154145 -0.00460896 0.0179723 -0.00336638 0.0170507 -0.00748456 -0.00618813 -0.00103445 -0.00861213 0.00289197 0.0040487 -0.0145704 0.000417799 -0.0107681 0.00654509 0.00975563 -0.0202955 0.0160659 0.0140253 0.0119081 0.0327819
internal_weight=6060 4588 1472 960 4348 845 115 829 2416 2044 1932 310 512 496 372 1622 71 425 65 50 240 207 185 33
internal_count=6060 4588 1472 960 4348 845 115 829 2416 2044 1932 310 512 496 372 1622 71 425 65 50 240 207 185 33
cat_boundaries=0 1
cat_threshold=4
is_linear=0
shrinkage=0.07


Tree=26
num_leaves=25
num_cat=0
split_feature=1 2 4 5 5 0 0 1 1 0 5 0 0 0 5 1 1 2 2 0 0 5 0 3
split_gain=41.7487 9.42633 9.24949 8.13093 5.95539 5.65281 7.6909 5.05138 4.60872 4.19619 3.98066 3.69955 3.69244 3.59307 3.56619 3.33946 4.72294 3.13973 2.46183 2.29415 2.18458 1.86193 1.78875 0.802632
threshold=-0.25866092614171199 0.16992437270029298 0.17520027308220396 1.1930119061850795 1.0014840486863905 574.84418777732071 182.49768506779387 -0.13233115971122503 -0.52155655977620718 118.45899899505474 1.0070926003323621 483.73878903905586 271.55833877585206 45.515604149473909 1.0969180696649377 0.017317549880378653 -0.0096581879808556991 0.3665344883493758 0.46554147826714026 246.30454859619809 176.103194805561 1.2719442029502606 707.83535335803094 0.29792524283610272
decision_type=2 2 2 2 2 2 2 2 2 2 2 2 2 2 2 2 2 2 2 2 2 2 2 2
left_child=2 5 13 4 -4 6 21 -8 -6 23 20 17 -12 -1 18 16 -7 -5 -15 -16 -11 -2 -13 -3
right_child=1 9 3 11 8 15 7 -9 -10 10 12 22 -14 14 19 -17 -18 -19 -20 -21 -22 -23 -24 -25
leaf_value=-0.029008157336711887 -0.011057159369405668 -0.0088126395223357482 0.05779466745625525 -0.00056402288079261784 0.029906549071922903 -0.0088538676268297596 0.0076619454731166143 -0.0035381441223885446 0.013804488661553376 0.031407077436090919 -0.0087190803685020021 0.027427308062510567 0.00075004654096194536 0.0042846567110776121 -0.02792579815399647 0.019887211677957987 -0.021807926543712618 -0.037196309472685284 0.021632773524216484 -0.0014263833687357282 0.0079183872894400906 -0.028708515073629946 0.00030719257839179287 -0.022222980609238149
leaf_weight=15.999999999999998 313 54 15.999999999999998 23 99 670 262 789 742 23 225 14.999999999999998 1882 379 24 15.999999999999998 174 22 44 45 109 32 47 39
leaf_count=16 313 54 16 23 99 670 262 789 742 23 225 15 1882 379 24 16 174 22 44 45 109 32 47 39
internal_value=3.83038e-05 -0.00325278 0.0102918 0.0143169 0.0165866 -0.00647763 -0.00372231 -0.00074082 0.0157341 -0.000131289 0.000476481 -0.00384046 -0.000264457 0.00263919 0.00372654 -0.0109399 -0.011548 -0.0189076 0.0061376 -0.0109208 0.0122217 -0.0127747 0.00721083 -0.0146204
internal_weight=6060 4588 1472 964 857 2256 1396 1051 841 2332 2239 107 2107 508 492 860 844 45 423 69 132 345 62 93
internal_count=6060 4588 1472 964 857 2256 1396 1051 841 2332 2239 107 2107 508 492 860 844 45 423 69 132 345 62 93
is_linear=0
shrinkage=0.07


Tree=27
num_leaves=19
num_cat=1
split_feature=6 1 0 0 5 0 1 3 3 0 5 0 2 2 3 0 0 3
split_gain=39.7678 23.4991 8.83498 7.35384 6.45686 5.982 5.46746 5.29568 4.03559 3.42977 3.96141 2.43102 1.52647 1.48572 1.4263 1.25713 1.28933 1.25526
threshold=0 -0.19163367940167028 271.55833877585206 626.15895391797847 1.0034683674508058 163.184919428717 -0.22108238293520077 0.44666408669812885 1.3217418858908563 102.18651520816461 1.0220699409319891 1622.3601616954229 0.69243630009988921 0.061264376043389752 1.5941880391020662 1736.6194861237182 420.75085802053712 1.4367836420886748
decision_type=9 2 2 2 2 2 2 2 2 2 2 2 2 2 2 2 2 2
left_child=12 2 4 7 5 -2 -6 -4 9 13 -11 -5 14 -3 15 16 -1 -10
right_child=1 8 3 11 6 -7 -8 -9 17 10 -12 -13 -14 -15 -16 -17 -18 -19
leaf_value=0.02073156754088577 -0.0021337927333465439 -0.027156143276913222 0.0014057261542343342 0.003577159461361684 -0.0037944353022120181 0.039151229453682899 -0.02445678078254783 0.014584595196451016 0.028184077012538916 0.00036637203618738003 -0.0063821758274487713 -0.0061692671898012337 0.038344231094916664 -0.011561254769191145 -0.002622431073917283 0.035925823756601472 0.013544951964281998 0.00373055943724784
leaf_weight=250 40 42 201 739 364 29 75 585 20 509 2610 150 17 111 17 18 262 21
leaf_count=250 40 42 201 739 364 29 75 585 20 509 2610 150 17 111 17 18 262 21
internal_value=3.57558e-05 -0.00179327 0.003841 0.00629282 -0.00423837 0.0155193 -0.0073736 0.0112214 -0.00551145 -0.00578683 -0.00528087 0.00192679 0.0175529 -0.0159953 0.017157 0.0177965 0.017089 0.0160628
internal_weight=6060 5496 2183 1675 508 69 439 786 3313 3272 3119 889 564 153 547 530 512 41
internal_count=6060 5496 2183 1675 508 69 439 786 3313 3272 3119 889 564 153 547 530 512 41
cat_boundaries=0 1
cat_threshold=34
is_linear=0
shrinkage=0.07


Tree=28
num_leaves=25
num_cat=1
split_feature=6 2 1 0 5 1 5 1 2 5 5 3 5 3 2 0 5 3 0 5 0 5 0 0
split_gain=34.4952 20.5529 8.5292 7.95532 5.7399 5.25456 5.03279 4.77644 4.20405 3.29134 3.05075 2.80882 2.39141 2.07075 1.46647 1.85398 1.76414 1.6266 1.46033 2.47805 2.32554 2.36239 1.40625 1.1965
threshold=0 0.2464740293989883 -0.094444977653451334 246.30454859619809 1.0017608061064307 -0.30853225286743535 1.6387603909330786 -0.082932757040666036 0.75950585466796616 1.2879699219680625 1.0123949059257364 0.82253917941594568 1.4197751261657099 0.047955692556389706 0.36294860980547949 256.69933145510532 1.0170558907309968 0.83812649775564163 294.25612922991149 1.0094747861723274 252.17969470054121 1.0112189624795644 1836.5223093316761 332.80851490321726
decision_type=9 2 2 2 2 2 2 2 2 2 2 2 2 2 2 2 2 2 2 2 2 2 2 2
left_child=1 2 6 4 -3 9 10 12 -6 -5 -1 -7 -4 -9 18 16 -16 -17 20 -20 21 -2 -21 -19
right_child=14 3 7 5 8 11 -8 13 -10 -11 -12 -13 -14 -15 15 17 -18 23 19 22 -22 -23 -24 -25
leaf_value=0.005031301345609621 0.036540546864446473 0.025625380945719527 -0.016442050183760493 0.014770203814162188 -0.0091577817163885356 0.0068872625007889866 -0.014396280036141474 -0.016259931814492389 0.018282755727668607 -0.01774730240479112 -0.002235001795714273 -0.0015149722239041392 -0.040479032752037049 -0.0064903677553911398 0.020238549865460077 0.039854279472159616 -0.0042688919636110472 0.036217764605988162 -0.0071679459000937654 0.012183810172871288 0.039037121072935839 0.0059766100762944146 0.03391545248687617 0.0171690389386948
leaf_weight=332 15.999999999999998 28 132 416 316 604 149 117 29 14.999999999999998 1889 287 24 1146 36 32 23 21 31 244 26 48 14.999999999999998 84
leaf_count=332 16 28 132 416 316 604 149 117 29 15 1889 287 24 1146 36 32 23 21 31 244 26 48 15 84
internal_value=3.46004e-05 -0.00168842 -0.00455748 0.00471362 -0.00430481 0.00726002 -0.00198573 -0.00884788 -0.00680299 0.0135984 -0.00114673 0.00418137 -0.0203788 -0.00740809 0.016164 0.0214169 0.0107612 0.0258895 0.013828 0.0113344 0.0216423 0.014073 0.0135707 0.0212911
internal_weight=6060 5484 3789 1695 373 1322 2370 1419 345 431 2221 891 156 1263 576 196 59 137 380 290 90 64 259 105
internal_count=6060 5484 3789 1695 373 1322 2370 1419 345 431 2221 891 156 1263 576 196 59 137 380 290 90 64 259 105
cat_boundaries=0 1
cat_threshold=4
is_linear=0
shrinkage=0.07


Tree=29
num_leaves=21
num_cat=1
split_feature=6 1 4 0 0 4 5 1 3 5 0 5 5 5 0 4 4 4 5 0
split_gain=29.9378 17.7688 6.04282 4.79346 4.80566 3.92775 7.45036 7.80088 5.04773 3.70459 3.15664 6.93632 2.51808 6.86429 2.34852 2.13335 1.98035 1.96738 1.75206 1.56875
threshold=0 -0.22108238293520077 0.34469927533943306 246.30454859619809 619.14625469776615 0.06995037303156211 1.0139932103563123 -0.12585828867803617 0.19945675854877043 1.1930119061850795 381.29232412079551 1.1455925170654648 1.1496414564201956 1.164000185773191 1011.4969328522847 0.04155132183078316 0.37798754774988086 0.062124468884561156 1.0014840486863905 185.84753962782131
decision_type=9 2 2 2 2 2 2 2 2 2 2 2 2 2 2 2 2 2 2 2
left_child=1 2 3 9 -5 12 7 -7 -8 -1 11 -4 14 -14 -3 -2 -12 -17 -19 -20
right_child=15 5 10 4 -6 6 8 -9 -10 -11 16 -13 13 -15 -16 17 -18 18 19 -21
leaf_value=-0.0021928776518006735 -0.010163473098259421 -0.0052474647939760111 0.016351158098975034 0.0097327717877131962 0.0006894034608285691 0.0013117217776905448 0.016849236662685872 0.030162098728285899 -0.004400861564149843 -0.027350213904958221 0.010665824955730485 -0.02783349779049556 -0.058602618850022561 -0.01101626351799718 -0.02754666484439125 0.040533185880817481 0.035415616391658786 0.037690373113663765 0.0018057883705364336 0.015669725907089819
leaf_weight=280 14.999999999999998 724 102 549 605 170 55 62 2547 31 25 20 14.999999999999998 227 23 14.999999999999998 49 15.999999999999998 44 486
leaf_count=280 15 724 102 549 605 170 55 62 2547 31 25 20 15 227 23 15 49 16 44 486
internal_value=3.42223e-05 -0.00157095 0.00446923 0.00291862 0.00499697 -0.00420003 -0.00287239 0.0091211 -0.00394512 -0.00478239 0.015982 0.00893468 -0.00799695 -0.0141977 -0.0059709 0.0150604 0.0273172 0.016021 0.0152734 0.0145256
internal_weight=6060 5484 1661 1465 1154 3823 2834 232 2602 311 196 122 989 242 747 576 74 561 546 530
internal_count=6060 5484 1661 1465 1154 3823 2834 232 2602 311 196 122 989 242 747 576 74 561 546 530
cat_boundaries=0 1
cat_threshold=4
is_linear=0
shrinkage=0.07


Tree=30
num_leaves=25
num_cat=1
split_feature=6 1 0 0 4 5 0 4 1 4 5 5 3 0 1 0 1 5 0 0 0 0 5 0
split_gain=25.9449 15.9262 6.45932 5.2688 5.08957 5.02688 5.19747 4.92822 4.78384 3.76439 4.25492 4.68504 3.07221 2.65556 2.68682 1.99721 1.33726 1.53457 1.88144 1.66986 1.19823 0.721226 2.24978 2.22577
threshold=0 -0.19163367940167028 271.55833877585206 626.15895391797847 0.14386214416793505 1.0034683674508058 163.184919428717 0.3516303400816681 -0.22108238293520077 0.19416221453747717 1.1496414564201956 1.169955334007557 0.047955692556389706 2228.1741490853956 -0.13014293043013067 3511.9657653337667 -0.48054807903769586 1.009143794910635 249.71566890976601 390.45860258615181 1736.6194861237182 294.25612922991149 1.009143794910635 252.17969470054121
decision_type=9 2 2 2 2 2 2 2 2 2 2 2 2 2 2 2 2 2 2 2 2 2 2 2
left_child=16 2 5 4 -4 6 -2 -5 -7 10 12 -12 -3 14 -11 -15 17 -1 -19 -20 21 23 -23 -18
right_child=1 9 3 7 -6 8 -8 -9 -10 13 11 -13 -14 15 -16 -17 20 18 19 -21 -22 22 -24 -25
leaf_value=0.036346857933700086 -0.0027189511125044127 -0.01603228197275907 0.0011058519185954321 0.00068894563853611499 0.013257818152512082 -0.0031344476475793715 0.035747868048747383 0.031622502908511804 -0.022459644002903647 0.0057393173321501588 -0.025369033879423752 -0.0075690546585706541 -0.00250843057109061 0.020623332878525531 -0.0055564175858358955 -0.0014606307312394634 0.010168715078581447 -0.0015223956286907199 0.042083564172685148 0.010550727721452716 0.030455038907457342 -0.0061074669049431887 0.012451368353817801 0.030811161113358462
leaf_weight=27 40 86 246 864 540 364 29 25 75 166 77 1077 1554 52 269 32 80 20 14.999999999999998 19 18 35 312 38
leaf_count=27 40 86 246 864 540 364 29 25 75 166 77 1077 1554 52 269 32 80 20 15 19 18 35 312 38
internal_value=3.23339e-05 -0.00144499 0.00319341 0.00528989 0.00946166 -0.00371463 0.013718 0.00159418 -0.00648115 -0.00450594 -0.00552263 -0.00877829 -0.00322737 0.000966094 -0.00124098 0.012284 0.0141813 0.0228146 0.0154978 0.0252872 0.0129809 0.0122391 0.0105653 0.0170252
internal_weight=6060 5496 2183 1675 786 508 69 889 439 3313 2794 1154 1640 519 435 84 564 81 54 34 483 465 347 118
internal_count=6060 5496 2183 1675 786 508 69 889 439 3313 2794 1154 1640 519 435 84 564 81 54 34 483 465 347 118
cat_boundaries=0 1
cat_threshold=34
is_linear=0
shrinkage=0.07


Tree=31
num_leaves=25
num_cat=0
split_feature=1 4 5 2 5 0 0 0 1 2 0 5 4 0 1 1 3 0 0 0 0 2 1 2
split_gain=22.5879 6.51064 6.87436 6.24247 4.70512 4.58721 5.99561 4.53393 3.91739 2.93212 2.87093 3.07616 4.24893 2.79566 2.77059 3.91828 2.35946 3.23464 2.17438 2.01663 1.61015 1.51752 0.989672 1.79562
threshold=-0.28164097888883005 0.19674395499855704 1.3471815320049736 0.16992437270029298 1.0986716006450423 574.84418777732071 182.49768506779387 114.49724637326779 -0.13233115971122503 0.69243630009988921 93.56194747212561 1.0102615324049238 0.11898025493527946 256.69933145510532 0.017317549880378653 -0.0096581879808556991 0.47409886973128629 408.95212194062077 123.21827686276974 130.0878802790817 102.18651520816461 0.48705207305383164 0.17878266522082267 0.31718940273874935
decision_type=2 2 2 2 2 2 2 2 2 2 2 2 2 2 2 2 2 2 2 2 2 2 2 2
left_child=1 4 7 5 18 6 19 -3 -8 -9 22 12 -12 -13 15 -7 -6 -18 20 -2 -1 -20 -5 -24
right_child=3 2 -4 10 16 14 8 9 -10 -11 11 13 -14 -15 -16 -17 17 -19 21 -21 -22 -23 23 -25
leaf_value=-0.00031998808576329929 -0.0052964025701650163 -0.018977906242161995 -0.022033353930932507 -0.02316912898863516 0.0056574104845523842 -0.0069053982621333646 0.0077287253950031999 0.013998664080631969 -0.0021344214381711392 0.037318731001019484 -0.00041413212449755522 -0.007210211731287647 0.019098440612174829 0.00071005561016712637 0.019253848979753609 -0.018697317271590238 -0.044225768539309505 -0.0066032574778279451 0.0064350679671480544 -0.016066433969670908 -0.024884733422845605 0.027470502346505728 0.012269465211033823 -0.018051772499581179
leaf_weight=72 186 19 26 30 18 670 262 664 789 27 119 243 100 2078 15.999999999999998 174 20 25 293 159 14.999999999999998 17 14.999999999999998 23
leaf_count=72 186 19 26 30 18 670 262 664 789 27 119 243 100 2078 16 174 20 25 293 159 15 17 15 23
internal_value=3.22489e-05 0.00864671 0.0127257 -0.00208714 0.00210527 -0.00478256 -0.00230157 0.0140288 0.000328671 0.0149635 0.000245146 0.000627887 0.00853885 -0.000121613 -0.00880167 -0.00935651 -0.0155146 -0.0239375 0.00493509 -0.0102941 -0.0047979 0.0076755 -0.0138431 -0.00605721
internal_weight=6060 1196 736 4864 460 2256 1396 710 1051 691 2608 2540 219 2321 860 844 63 45 397 345 87 310 68 38
internal_count=6060 1196 736 4864 460 2256 1396 710 1051 691 2608 2540 219 2321 860 844 63 45 397 345 87 310 68 38
is_linear=0
shrinkage=0.07


Tree=32
num_leaves=21
num_cat=1
split_feature=6 2 1 0 1 2 4 3 0 4 4 1 2 4 0 0 4 4 2 3
split_gain=20.9651 12.6499 5.82509 5.08697 4.35659 4.14197 3.49727 3.79618 3.18095 3.88336 3.60765 2.98457 2.38337 2.09678 1.90575 1.80032 1.73999 1.88022 1.27319 1.22204
threshold=0 0.2464740293989883 -0.094444977653451334 246.30454859619809 -0.082932757040666036 0.75950585466796616 0.3516303400816681 0.8897906092299831 1084.290144606184 0.23100232083410879 0.031794576103995408 -0.2676742382639592 0.086926551849992914 0.12757927646264747 390.45860258615181 69.268222033321976 0.04155132183078316 0.062124468884561156 0.69243630009988921 1.5253696006247146
decision_type=9 2 2 2 2 2 2 2 2 2 2 2 2 2 2 2 2 2 2 2
left_child=1 2 8 5 12 11 7 -5 10 -10 -1 -3 -4 -6 -8 -7 -2 -18 19 -19
right_child=16 3 4 6 13 15 14 -9 9 -11 -12 -13 -14 -15 -16 -17 17 18 -20 -21
leaf_value=-0.012974567808895049 -0.010155475264368581 -0.0019451551922296331 -0.039694139601967555 0.0062916117442363539 -0.0039239741359165942 0.0034398262494140202 0.0067690501821775963 -0.0040330180369465502 -0.0082611767590664124 0.013522525874711575 0.00062771071974060085 -0.016925251501198429 -0.014489576796858626 -0.010242044365257851 0.022197814811545733 0.035930933378373879 0.037337038209848107 0.012793750921363244 0.032439528773725038 -0.0042367927515540617
leaf_weight=100 14.999999999999998 253 21 948 902 17 72 213 460 43 1767 87 135 361 89 15.999999999999998 14.999999999999998 510 14.999999999999998 21
leaf_count=100 15 253 21 948 902 17 72 213 460 43 1767 87 135 361 89 16 15 510 15 21
internal_value=2.91918e-05 -0.00131405 -0.0035649 0.00370847 -0.00711051 -0.0035028 0.00574476 0.00439499 -0.00143962 -0.00637443 -0.000107034 -0.00581874 -0.0181182 -0.00573708 0.0153867 0.0198071 0.0126036 0.0134547 0.0127302 0.0121122
internal_weight=6060 5484 3789 1695 1419 373 1322 1161 2370 503 1867 340 156 1263 161 33 576 561 546 531
internal_count=6060 5484 3789 1695 1419 373 1322 1161 2370 503 1867 340 156 1263 161 33 576 561 546 531
cat_boundaries=0 1
cat_threshold=4
is_linear=0
shrinkage=0.07


Tree=33
num_leaves=22
num_cat=1
split_feature=6 2 0 2 3 1 4 3 4 3 2 0 3 0 1 3 4 4 2 0 0
split_gain=18.1564 11.1775 5.33762 4.88853 4.82579 4.58351 5.90789 6.41582 5.04879 4.41417 4.12526 3.92607 3.59234 2.22407 1.89196 1.61017 1.51269 1.64894 1.19574 1.41175 1.19159
threshold=0 0.20224968869395607 271.55833877585206 0.28291790870093908 0.86224320590876824 -0.094444977653451334 0.12757927646264747 0.49965327276803539 0.20084923483951792 1.147661947730106 0.19051243516900693 1524.6769747979299 1.2494346540999739 1885.4724015301495 -0.2676742382639592 0.36005757294986901 0.04155132183078316 0.062124468884561156 0.36294860980547949 256.69933145510532 1836.5223093316761
decision_type=9 2 2 2 2 2 2 2 2 2 2 2 2 2 2 2 2 2 2 2 2
left_child=1 5 9 4 -4 8 7 -7 11 14 -10 -1 -11 -5 -3 -8 -2 -18 20 -20 -19
right_child=16 2 3 13 -6 6 15 -9 10 12 -12 -13 -14 -15 -16 -17 17 18 19 -21 -22
leaf_value=-0.0018252008210639119 -0.0094890230965800609 -0.0017661286972396372 0.0027776717436422283 0.0068765211228201438 -0.0098347828388817057 -0.0056984224561003102 -0.035350251682238154 0.039005250297673051 0.018172843777961457 0.043693966968171301 -0.0068739103720206378 -0.013694516657074718 0.0025034685962623169 0.019979743707701562 -0.010223970071121394 -0.015153006019459264 0.034886794855888005 0.0084640974564092961 0.0066605300791095952 0.020109461875977942 0.028179432057263334
leaf_weight=1352 14.999999999999998 278 1055 734 172 968 21 14.999999999999998 103 14.999999999999998 46 151 30 69 243 232 14.999999999999998 339 55 137 14.999999999999998
leaf_count=1352 15 278 1055 734 172 968 21 15 103 15 46 151 30 69 243 232 15 339 55 137 15
internal_value=2.76457e-05 -0.00122238 0.00210806 0.00378401 0.00100253 -0.00422025 -0.0074428 -0.00497661 -0.00180572 -0.00389769 0.0104413 -0.00302644 0.0169002 0.00802677 -0.00572433 -0.0169648 0.0117295 0.0125227 0.0118444 0.016315 0.00937849
internal_weight=6060 5484 2596 2030 1227 2888 1236 983 1652 566 149 1503 45 803 521 253 576 561 546 192 354
internal_count=6060 5484 2596 2030 1227 2888 1236 983 1652 566 149 1503 45 803 521 253 576 561 546 192 354
cat_boundaries=0 1
cat_threshold=4
is_linear=0
shrinkage=0.07


Tree=34
num_leaves=20
num_cat=1
split_feature=6 2 5 0 1 2 4 1 5 4 0 5 0 0 4 4 5 5 4
split_gain=15.7307 9.67418 6.20198 4.61189 4.25 4.2317 4.01643 4.67004 3.74742 3.47391 3.46752 2.92825 1.92959 1.87274 1.47525 1.31554 1.45329 1.69362 1.44441
threshold=0 0.20224968869395607 2.3850734682036978 271.55833877585206 0.035321830541015654 0.28291790870093908 0.20084923483951792 -0.11169775771069164 1.0017608061064307 0.34469927533943306 287.50962214929058 1.0206818296556708 1885.4724015301495 240.14714033111451 0.037418066596556006 0.04155132183078316 1.0014840486863905 1.0024799240801274 0.062124468884561156
decision_type=9 2 2 2 2 2 2 2 2 2 2 2 2 2 2 2 2 2 2
left_child=1 2 6 8 13 10 11 -8 14 -10 -5 -1 -7 -4 -3 -2 -17 -18 -19
right_child=15 3 4 5 -6 12 7 -9 9 -11 -12 -13 -14 -15 -16 16 17 18 -20
leaf_value=0.001065996332698012 -0.0088663049067370606 0.0021989654928445818 -0.036334428488287863 0.031430242256323501 0.02245761750612189 0.0063958195110049012 0.01364392353175347 -0.016153230730071667 -0.0075011082200321178 0.0090589709745926995 0.00047724136748812787 -0.0047576049097114246 0.018601141467466952 -0.012325515844730536 0.02835365154186021 0.032006126705266758 -0.010902412547083464 0.03259734852025286 0.011011965245843856
leaf_weight=556 14.999999999999998 20 15.999999999999998 17 15.999999999999998 734 133 31 453 71 1210 1762 69 374 22 15.999999999999998 15.999999999999998 14.999999999999998 514
leaf_count=556 15 20 16 17 16 734 133 31 453 71 1210 1762 69 374 22 16 16 15 514
internal_value=2.71207e-05 -0.0011364 -0.0039254 0.00196197 -0.0119361 0.00351984 -0.00261048 0.00794353 -0.00362054 -0.00524297 0.000931909 -0.00336059 0.0074673 -0.0134027 0.0162561 0.0109193 0.0116587 0.0110025 0.0116857
internal_weight=6060 5484 2888 2596 406 2030 2482 164 566 524 1227 2318 803 390 42 576 561 545 529
internal_count=6060 5484 2888 2596 406 2030 2482 164 566 524 1227 2318 803 390 42 576 561 545 529
cat_boundaries=0 1
cat_threshold=4
is_linear=0
shrinkage=0.07


Tree=35
num_leaves=16
num_cat=1
split_feature=6 1 0 2 0 3 0 0 1 3 2 3 3 0 2
split_gain=13.6198 8.37798 4.29003 4.64035 4.88761 2.63443 2.13388 3.09688 1.46291 1.30475 1.23478 1.10851 1.07427 0.967879 0.933239
threshold=0 -0.19163367940167028 45.515604149473909 0.5735489839565816 271.55833877585206 1.3217418858908563 102.18651520816461 420.75085802053712 -0.12017627073540343 0.909468699289258 0.69243630009988921 1.5253696006247146 1.4367836420886748 1736.6194861237182 0.16086708131400704
decision_type=9 2 2 2 2 2 2 2 2 2 2 2 2 2 2
left_child=1 2 -1 4 -4 6 8 -8 -3 -5 11 13 -7 14 -2
right_child=10 5 3 9 -6 12 7 -9 -10 -11 -12 -13 -14 -15 -16
leaf_value=-0.029963971819877627 0.0022952040489405807 -0.025811237834239831 -0.004608197329297084 0.0068582405620151105 0.0037302782778857908 0.025352591281632586 -0.00032441794180029164 -0.0048593152615680037 -0.0081797086141496902 0.026708550508351376 0.028544585092365744 -0.0057993774250742394 0.0027711517991667444 0.025632865984141828 0.01093087997676921
leaf_weight=19 72 28 434 26 1654 20 1204 1907 124 47 17 21 21 19 447
leaf_count=19 72 28 434 26 1654 20 1204 1907 124 47 17 21 21 19 447
internal_value=2.65615e-05 -0.00105608 0.00230947 0.00260727 0.00199538 -0.00328013 -0.00350355 -0.00310514 -0.0115797 0.0198363 0.0101616 0.00973278 0.0141445 0.01035 0.00974093
internal_weight=6060 5484 2180 2161 2088 3304 3263 3111 152 73 576 559 41 538 519
internal_count=6060 5484 2180 2161 2088 3304 3263 3111 152 73 576 559 41 538 519
cat_boundaries=0 1
cat_threshold=4
is_linear=0
shrinkage=0.07


Tree=36
num_leaves=25
num_cat=1
split_feature=1 6 5 0 2 0 5 0 0 5 2 5 5 5 5 0 3 1 5 0 1 3 3 5
split_gain=12.2448 4.85758 4.66446 4.87494 4.26664 3.79215 3.47279 3.32311 3.49268 7.02633 5.47928 2.64765 2.57415 2.16365 3.16299 2.02224 1.67746 1.43332 1.38006 1.354 1.40703 1.4668 1.26843 0.992555
threshold=-0.28164097888883005 0 1.1930119061850795 99.155951882366267 0.52608626114399071 367.97194064694554 1.0170558907309968 188.58074964749423 252.17969470054121 1.3804069311723635 0.20224968869395607 1.041096113472707 1.2719442029502606 1.2607983578724606 1.3367274961614151 1622.3601616954229 0.25793381414080013 -0.44036310004751472 1.0123949059257364 1127.6893232963341 -0.23431860013004965 0.80662962639306146 1.0072881494257249 1.0224738446722783
decision_type=2 9 2 2 2 2 2 2 2 2 2 2 2 2 2 2 2 2 2 2 2 2 2 2
left_child=2 7 3 6 15 13 17 12 9 -9 -10 -8 16 -4 -15 -5 -2 -1 -6 20 23 -22 -7 -3
right_child=1 19 5 4 18 22 11 8 10 -11 -12 -13 -14 14 -16 -17 -18 -19 -20 -21 21 -23 -24 -25
leaf_value=0.01758181298260408 -0.00250865338782585 0.0092601381841850919 -0.043485597041621811 0.0079198005957249549 0.031909624338219332 -0.0048059499140580509 -0.045703036603704103 0.0078863990306109206 -0.0042240069086747559 -0.030594637373954063 0.0013044541495029801 -0.0081243762468298283 -0.020174246436747222 0.010378936391279981 -0.03247304658258663 -0.014109727205584448 -0.010961226402429714 -0.0063147056236863156 0.015482797975589832 0.020169841052063216 0.006550761517421573 0.027742317029337091 0.016813466623549662 -0.010270447696289289
leaf_weight=21 343 18 14.999999999999998 878 42 29 14.999999999999998 334 2191 24 1465 23 64 15.999999999999998 15.999999999999998 20 173 27 71 36 161 17 23 38
leaf_count=21 343 18 15 878 42 29 15 334 2191 24 1465 23 64 16 16 20 173 27 71 36 161 17 23 38
internal_value=2.53255e-05 -0.00153509 0.00636792 0.00768227 0.00904424 -0.00812025 -0.00824075 -0.00207439 -0.00136212 0.00522668 -0.00200875 -0.0237675 -0.00702746 -0.0223202 -0.0113606 0.00741324 -0.00535963 0.00427119 0.0218208 0.00741518 0.005688 0.00872226 0.00488009 -0.00392815
internal_weight=6060 4864 1196 1097 1011 99 86 4594 4014 358 3656 38 580 47 32 898 516 48 113 270 234 178 52 56
internal_count=6060 4864 1196 1097 1011 99 86 4594 4014 358 3656 38 580 47 32 898 516 48 113 270 234 178 52 56
cat_boundaries=0 1
cat_threshold=4
is_linear=0
shrinkage=0.07


Tree=37
num_leaves=25
num_cat=1
split_feature=1 6 5 0 2 0 3 3 5 5 5 2 0 5 5 5 0 5 1 5 0 1 3 3
split_gain=10.5812 4.21528 4.05499 4.23632 3.7067 3.3087 3.03939 4.39021 3.20196 3.02983 2.9233 3.53891 2.80077 2.31283 1.88919 2.76015 1.75736 1.34549 1.29026 1.19916 1.17582 1.21995 1.28215 1.10374
threshold=-0.28164097888883005 0 1.1930119061850795 99.155951882366267 0.52608626114399071 367.97194064694554 0.44666408669812885 0.45765542988758706 1.009143794910635 1.0170558907309968 1.2879699219680625 0.27120299844849255 233.94759012678796 1.041096113472707 1.2607983578724606 1.3367274961614151 1622.3601616954229 1.0039891620202364 -0.21884639872521697 1.0123949059257364 1127.6893232963341 -0.23431860013004965 0.80662962639306146 1.0072881494257249
decision_type=2 9 2 2 2 2 2 2 2 2 2 2 2 2 2 2 2 2 2 2 2 2 2 2
left_child=2 6 3 9 16 14 10 18 -9 17 11 -2 -12 -11 -4 -16 -5 -1 -8 -6 21 -3 -23 -7
right_child=1 20 5 4 19 23 7 8 -10 13 12 -13 -14 -15 15 -17 -18 -19 -20 -21 -22 22 -24 -25
leaf_value=-0.0039617002131746102 -0.0018978391637041044 -0.003653565093012233 -0.040631854948773985 0.0073660452353398811 0.029727896803106335 -0.0044807474713524182 0.029443779575943949 0.014488743120091343 -0.0010919502973125285 -0.042703774436563258 -0.02041660996730893 -0.021966435044055637 -0.0060102265472373123 -0.0075793654938538877 0.0096951476617771048 -0.030333644165011015 -0.013169078497091931 0.020673467366909611 0.0099546470495234986 0.014414055027212535 0.018796111999059451 0.0060950391056820942 0.025908240812685758 0.015685563561785968
leaf_weight=33 2053 56 14.999999999999998 878 42 29 24 66 1825 14.999999999999998 77 43 450 23 15.999999999999998 15.999999999999998 20 14.999999999999998 56 71 36 161 17 23
leaf_count=33 2053 56 15 878 42 29 24 66 1825 15 77 43 450 23 16 16 20 15 56 71 36 161 17 23
internal_value=2.2835e-05 -0.00142771 0.00591888 0.00714438 0.00841405 -0.00758933 -0.00193011 0.000142522 -0.00054041 -0.00769871 -0.00349462 -0.00232016 -0.00815115 -0.0222017 -0.0208534 -0.0106107 0.00689377 0.0039873 0.0161014 0.0203229 0.00690978 0.00529996 0.00812539 0.00455342
internal_weight=6060 4864 1196 1097 1011 99 4594 1971 1891 86 2623 2096 527 38 47 32 898 48 80 113 270 234 178 52
internal_count=6060 4864 1196 1097 1011 99 4594 1971 1891 86 2623 2096 527 38 47 32 898 48 80 113 270 234 178 52
cat_boundaries=0 1
cat_threshold=4
is_linear=0
shrinkage=0.07


Tree=38
num_leaves=25
num_cat=1
split_feature=1 4 5 6 5 0 4 5 1 2 0 1 4 4 1 4 2 4 5 5 0 0 1 4
split_gain=9.14245 4.15107 5.04817 3.6564 3.40891 3.28892 2.97944 5.53973 7.31703 2.76164 2.04915 1.92801 1.81302 2.0638 1.59464 1.56945 3.19281 2.5 1.37086 1.36002 2.45728 1.2721 1.03022 0.892721
threshold=-0.28164097888883005 0.19674395499855704 1.3471815320049736 0 1.0986716006450423 114.49724637326779 0.06995037303156211 1.0123949059257364 -0.12585828867803617 0.42508752297227387 521.62081267276744 -0.29213243989383908 0.20084923483951792 0.26214311448894917 -0.18923278208371283 0.054736683134572604 0.097630322298856556 0.031794576103995408 1.0017608061064307 1.2660110379253109 246.30454859619809 1127.6893232963341 -0.28786028122475954 0.046791086948244111
decision_type=2 2 2 9 2 2 2 2 2 2 2 2 2 2 2 2 2 2 2 2 2 2 2 2
left_child=1 4 5 6 11 -3 15 8 -8 -9 -7 18 21 14 -14 17 -17 -2 -1 20 -6 23 -13 -5
right_child=3 2 -4 12 19 10 7 9 -10 -11 -12 22 13 -15 -16 16 -18 -19 -20 -21 -22 -23 -24 -25
leaf_value=0.015439803569584059 -0.0068300280488514855 -0.018192934796363119 -0.021000118909721022 -0.0079320643960498274 -0.041121626475784517 0.013581816503332003 0.0028542876960878294 -0.0014982184182616531 0.030683986199107664 -0.027594437133669856 0.0056383395437313716 0.03039383912943304 -0.024711073517613116 0.010371377636108767 0.0022914496857300405 -0.018289522126404681 -0.0032721054798840773 0.0013795210698189645 -0.00044956236404731229 0.0027623463051284062 -0.008010419412582152 0.024725699448589097 0.0082996518757413422 0.0095322835127393223
leaf_weight=28 435 19 26 14.999999999999998 17 437 231 3255 57 19 254 14.999999999999998 23 33 19 118 168 311 321 15.999999999999998 30 25 33 155
leaf_count=28 435 19 26 15 17 437 231 3255 57 19 254 15 23 33 19 118 168 311 321 16 30 25 33 155
internal_value=2.12707e-05 0.00550182 0.00875855 -0.00132704 0.000281849 0.00987729 -0.00179497 -0.000838485 0.00845179 -0.00165826 0.0106753 0.00269393 0.00643801 -0.00254224 -0.0127102 -0.00510902 -0.00951268 -0.00340935 0.000863701 -0.0147118 -0.0206086 0.0102193 0.0156977 0.00794984
internal_weight=6060 1196 736 4864 460 710 4594 3562 288 3274 691 397 270 75 42 1032 286 746 349 63 47 195 48 170
internal_count=6060 1196 736 4864 460 710 4594 3562 288 3274 691 397 270 75 42 1032 286 746 349 63 47 195 48 170
cat_boundaries=0 1
cat_threshold=4
is_linear=0
shrinkage=0.07


Tree=39
num_leaves=25
num_cat=0
split_feature=2 5 0 1 4 1 2 1 0 0 1 0 5 0 0 0 1 0 1 0 0 5 4 1
split_gain=8.10408 4.21293 4.21102 3.96771 6.03131 4.35272 3.24369 3.23565 3.19705 3.13197 3.27427 8.96976 2.65646 2.6017 2.51669 2.40082 2.36451 2.18731 1.89043 1.8034 1.5096 1.44436 1.25176 1.61784
threshold=0.28291790870093908 1.2787864436432925 193.48120000985435 -0.10588185574635688 0.12839537376204072 0.10278172677099635 0.75950585466796616 -0.41527955581668613 93.56194747212561 233.94759012678796 0.029548402693085705 675.32406336679037 1.2660110379253109 591.07116251133118 214.16887457477625 1885.4724015301495 -0.16139891403028753 332.80851490321726 -0.22215292778479204 179.31571628788299 88.419606503791982 1.0058936546255892 0.46242056322003516 -0.31717341640341679
decision_type=2 2 2 2 2 2 2 2 2 2 2 2 2 2 2 2 2 2 2 2 2 2 2 2
left_child=1 3 6 8 5 -5 22 21 -1 14 13 -12 -10 -11 19 18 -17 -6 -9 -3 -8 -4 23 -2
right_child=2 9 7 4 17 -7 20 15 12 10 11 -13 -14 -15 -16 16 -18 -19 -20 -21 -22 -23 -24 -25
leaf_value=-0.016882303836617783 -0.00099530407093916906 -0.01795575409289801 0.028065808402290272 -0.002749103425000165 -0.035343389944456252 0.021514685367753635 0.0034698799765979253 0.0050359122495835223 0.0015323128008808752 0.0023331797281331904 -0.016443309435091522 0.053756227104497317 0.027158929060362283 -0.0062147257837824937 -0.041126475166694987 -0.0013893021372767787 0.025821542494681975 -0.012894539960910535 -0.0035317069405654609 0.0073404841577536187 0.03119273084945539 0.011570127347291351 -0.02344328760724319 -0.014204975645740827
leaf_weight=45 164 52 30 776 26 37 23 746 2318 215 18 15.999999999999998 19 912 17 23 47 115 151 18 15.999999999999998 196 18 62
leaf_count=45 164 52 30 776 26 37 23 746 2318 215 18 16 19 912 17 23 47 115 151 18 16 196 18 62
internal_value=1.95398e-05 -0.001433 0.00452908 -0.000134404 -0.00394684 -0.00161891 -0.00313735 0.00634937 0.00139321 -0.00490081 -0.00393111 0.0171638 0.00175249 -0.00458278 -0.0176416 0.00457686 0.0169773 -0.0172587 0.00359054 -0.0114294 0.0153563 0.0138769 -0.00614678 -0.00466889
internal_weight=6060 4584 1476 3336 954 813 283 1193 2382 1248 1161 34 2337 1127 87 967 70 141 897 70 39 226 244 226
internal_count=6060 4584 1476 3336 954 813 283 1193 2382 1248 1161 34 2337 1127 87 967 70 141 897 70 39 226 244 226
is_linear=0
shrinkage=0.07


Tree=40
num_leaves=22
num_cat=1
split_feature=6 2 5 1 4 2 0 2 1 0 5 0 0 1 2 0 4 4 2 4 2
split_gain=7.34463 4.91371 4.49561 3.50685 3.38844 4.04004 2.90759 2.95598 2.6048 2.82078 2.58214 2.16469 1.88556 1.71792 1.52629 0.989866 0.958634 2.3229 1.73427 2.02433 1.57253
threshold=0 0.20224968869395607 2.3850734682036978 0.035321830541015654 0.20084923483951792 0.19051243516900693 271.55833877585206 0.75950585466796616 2.1756505281542229e-18 283.37526960071779 1.0017608061064307 420.75085802053712 758.86522840581426 -0.046731938153946141 0.088899382468504165 69.268222033321976 0.12902355012060557 0.13613212044424641 0.15338260089971997 0.12103388653186296 0.3220907059101043
decision_type=9 2 2 2 2 2 2 2 2 2 2 2 2 2 2 2 2 2 2 2 2
left_child=14 2 4 13 11 -6 7 10 9 -8 -3 -2 -10 -4 -1 -9 18 -18 -16 -20 -19
right_child=1 6 3 -5 5 -7 8 15 12 -11 -12 -13 -14 -15 16 -17 17 20 19 -21 -22
leaf_value=0.029076573369279508 -0.00020324784041873798 0.013074839374079156 -0.024917736943792079 0.021655083759041398 0.015195345501601697 -0.0086396817751824857 0.02102451973259449 0.0042832241084840563 0 0.0017584247768313418 -0.0056421086456912642 -0.0044733233020329399 0.021487179345966625 -0.0093157209010647449 -0.01360969427597934 0.028192650800115536 0.034726568977534775 0.0025944003724418384 0.012463363326646267 -0.014294505762101877 0.011162254621304161
leaf_weight=14.999999999999998 1174 38 38 15.999999999999998 115 49 37 17 30 1906 494 1153 59 353 28 17 14.999999999999998 186 60 17 243
leaf_count=15 1174 38 38 16 115 49 37 17 30 1906 494 1153 59 353 28 17 15 186 60 17 243
internal_value=1.84517e-05 -0.000767521 -0.00275032 -0.00956231 -0.00163365 0.00806046 0.00144122 -0.00299164 0.00267717 0.00213629 -0.00428185 -0.00232033 0.0143227 -0.0108935 0.00754657 0.0167219 0.00704246 0.0084624 0.00100833 0.00643928 0.00746382
internal_weight=6060 5496 2898 407 2491 164 2598 566 2032 1943 532 2327 89 391 564 34 549 444 105 77 429
internal_count=6060 5496 2898 407 2491 164 2598 566 2032 1943 532 2327 89 391 564 34 549 444 105 77 429
cat_boundaries=0 1
cat_threshold=34
is_linear=0
shrinkage=0.07


Tree=41
num_leaves=25
num_cat=1
split_feature=1 6 3 0 2 4 3 3 1 3 4 0 3 0 3 4 0 0 0 1 0 0 1 2
split_gain=6.44789 3.38448 3.67923 2.78674 2.62612 2.51903 6.25068 2.15407 2.12619 2.22174 2.01648 2.11325 1.89079 1.74625 2.2047 1.97511 1.22681 2.31371 1.26344 1.63308 1.4117 1.05314 0.668884 0.257381
threshold=-0.33047887022125116 0 1.3217418858908563 109.930934969457 0.69243630009988921 0.073616043872356013 0.19945675854877043 0.25476222954111472 -0.23226419892865327 1.5253696006247146 0.073616043872356013 69.268222033321976 1.2925036311746652 256.69933145510532 0.98679192304094632 0.18389437338958922 291.06604732144746 252.17969470054121 669.22836994230704 -0.16052742674074583 737.49812671370739 199.6937669940348 -0.49921425273363279 0.63675328713938584
decision_type=2 9 2 2 2 2 2 2 2 2 2 2 2 2 2 2 2 2 2 2 2 2 2 2
left_child=3 2 5 10 13 7 -7 -2 -4 -10 11 23 -6 14 -5 -15 17 21 19 -18 -20 -3 -12 -1
right_child=1 16 8 4 12 6 -8 -9 9 -11 22 -13 -14 15 -16 -17 18 -19 20 -21 -22 -23 -24 -25
leaf_value=-0.015301154037192467 -0.0029941078595173251 0.014365449794661256 0.030720756138980392 0.0044794491660155476 0.044362263637781146 0.025857376281327983 -0.00098569990506858132 -0.010881434694985646 0.017621846856164837 -0.011495729810270399 -0.0074471884553631157 0.016670394689429168 0.009989386369743284 7.4682511640067147e-05 -0.015812158530498999 0.011170201711414448 0.0032730834151711513 0.032307881287874089 0.028533316549332815 -0.014089856081017678 0.0059675730617237141 -0.0044528511388434305 -0.027241619241237646 -0.0032541824133558712
leaf_weight=14.999999999999998 932 31 24 127 14.999999999999998 42 3700 207 30 21 17 28 17 100 32 369 120 22 14.999999999999998 33 98 26 18 21
leaf_count=15 932 31 24 127 15 42 3700 207 30 21 17 28 17 100 32 369 120 22 15 33 98 26 18 21
internal_value=1.87563e-05 -0.000845473 -0.00131501 0.00604879 0.00769106 -0.00155546 -0.0006774 -0.00443644 0.0139657 0.00562829 -0.00486009 0.00254817 0.0269789 0.0066658 0.000317927 0.0088111 0.00575354 0.0135319 0.00361427 -0.000534494 0.00919318 0.00584082 -0.0181206 -0.00857055
internal_weight=6060 5301 4956 759 660 4881 3742 1139 75 51 99 64 32 628 159 469 345 79 266 153 113 57 35 36
internal_count=6060 5301 4956 759 660 4881 3742 1139 75 51 99 64 32 628 159 469 345 79 266 153 113 57 35 36
cat_boundaries=0 1
cat_threshold=4
is_linear=0
shrinkage=0.07


Tree=42
num_leaves=25
num_cat=0
split_feature=2 5 1 4 1 0 0 0 1 0 2 0 0 1 0 0 0 0 0 4 4 2 0 1
split_gain=5.61971 3.44006 3.32322 5.35202 3.79488 3.1167 2.68794 2.6748 2.61035 7.75478 2.59196 2.56328 2.42474 2.39579 2.24494 2.19173 2.07614 2.10277 1.88782 1.75748 2.51244 2.26582 1.55682 1.4807
threshold=0.28291790870093908 1.2787864436432925 -0.10588185574635688 0.12839537376204072 0.10278172677099635 193.48120000985435 93.56194747212561 233.94759012678796 0.029548402693085705 675.32406336679037 0.60147855803764505 378.86074575514209 45.515604149473909 -0.41527955581668613 591.07116251133118 214.16887457477625 1885.4724015301495 2035.2720883763086 332.80851490321726 0.22429591079090752 0.083871308304910311 0.39756860319041848 179.31571628788299 -0.22215292778479204
decision_type=2 2 2 2 2 2 2 2 2 2 2 2 2 2 2 2 2 2 2 2 2 2 2 2
left_child=1 2 6 4 -4 10 -1 15 14 -10 19 -8 -12 -7 -9 22 23 -18 -5 20 -2 -21 -3 -15
right_child=5 7 3 18 -6 13 11 8 9 -11 12 -13 -14 16 -16 -17 17 -19 -20 21 -22 -23 -24 -25
leaf_value=-0.015376482319313548 -0.0093002980300089296 -0.016372830727070853 -0.0023691963019940227 -0.032848337852954865 0.020286224192380905 0.011817536821298401 0.0050146033666250041 0.002413220064279934 -0.015818290683156568 0.049438872117286224 -0.015230918487380537 8.3966373883309379e-05 0.014787990895304829 0.0041779412228904588 -0.0055262443463663467 -0.038006913833899633 0.037775723319686955 0.0086496515190927319 -0.011990695434551814 -0.031316856997460132 0.010187438778710716 -0.0055390347567513933 0.0071197408321656682 -0.0034036366156334564
leaf_weight=45 88 52 776 26 37 226 770 215 18 15.999999999999998 15.999999999999998 1567 59 746 912 17 14.999999999999998 55 115 27 50 43 18 151
leaf_count=45 88 52 776 26 37 226 770 215 18 16 16 1567 59 746 912 17 15 55 115 27 50 43 18 151
internal_value=1.89776e-05 -0.00119058 -1.71455e-05 -0.0035063 -0.00131362 0.00377423 0.00138086 -0.00432418 -0.00342822 0.0154061 -0.00282078 0.00171027 0.0082586 0.00534032 -0.0040102 -0.0160978 0.00381515 0.015345 -0.016046 -0.00683951 -0.00221199 -0.0157928 -0.0103068 0.00289852
internal_weight=6060 4584 3336 954 813 1476 2382 1248 1161 34 283 2337 75 1193 1127 87 967 70 141 208 138 70 70 897
internal_count=6060 4584 3336 954 813 1476 2382 1248 1161 34 283 2337 75 1193 1127 87 967 70 141 208 138 70 70 897
is_linear=0
shrinkage=0.07


Tree=43
num_leaves=19
num_cat=1
split_feature=6 4 0 5 2 5 1 0 4 4 0 0 1 5 4 2 5 5
split_gain=5.10727 3.99321 2.39655 5.01448 2.32156 3.74813 2.93017 2.85491 4.49618 2.62879 2.44472 2.00802 1.44887 1.74212 1.02156 1.50999 1.29249 1.64157
threshold=0 0.3516303400816681 390.45860258615181 1.1455925170654648 0.20224968869395607 2.3850734682036978 0.035321830541015654 271.55833877585206 0.31006091687681181 0.20084923483951792 283.37526960071779 348.41856354065709 -0.14187816627726257 1.0620196357984446 0.04155132183078316 0.094768713357243517 1.0014840486863905 1.0024799240801274
decision_type=9 2 2 2 2 2 2 2 2 2 2 2 2 2 2 2 2 2
left_child=1 4 3 11 5 9 -7 8 -6 -1 -9 -3 13 -4 -2 -16 -17 -18
right_child=14 2 12 -5 7 6 -8 10 -10 -11 -12 -13 -14 -15 15 16 17 -19
leaf_value=-0.0019569869645321425 -0.011173574930476026 0.013201417506602076 0.008109069720113821 -0.024280165596306327 -0.0026291110587098048 -0.0098248057703556671 0.019925729548186069 0.023151269977167252 -0.033700800341833384 0.0072661949554354774 0.0015305664841608723 -0.012498087061527705 0.00091957565099000946 0.02975137480867561 0.026829465371204751 0.025200432828419352 -0.0166009430274833 0.0061990930420560367
leaf_weight=2318 14.999999999999998 89 32 27 473 390 15.999999999999998 25 23 161 1845 17 23 45 17 15.999999999999998 14.999999999999998 513
leaf_count=2318 15 89 32 27 473 390 16 25 23 161 1845 17 23 45 17 16 15 513
internal_value=1.72709e-05 -0.00064566 0.00830021 0.00210386 -0.00104548 -0.0023781 -0.00860457 0.000579485 -0.00413625 -0.00135501 0.00183221 0.00899497 0.016432 0.0209854 0.00622364 0.00681985 0.00614519 0.00551988
internal_weight=6060 5484 233 133 5251 2885 406 2366 496 2479 1870 106 100 77 576 561 544 528
internal_count=6060 5484 233 133 5251 2885 406 2366 496 2479 1870 106 100 77 576 561 544 528
cat_boundaries=0 1
cat_threshold=4
is_linear=0
shrinkage=0.07


Tree=44
num_leaves=24
num_cat=1
split_feature=1 3 6 3 0 2 4 0 4 3 1 4 4 3 4 3 1 1 3 4 4 1 2
split_gain=4.52708 2.7892 2.4757 2.76027 2.06734 2.13995 1.87476 1.87213 1.84661 1.69249 1.68772 1.61968 2.29393 1.54569 1.34976 2.90795 1.32295 0.779104 0.732033 0.614581 0.607565 0.532756 0.190859
threshold=-0.33047887022125116 0.047955692556389706 0 1.3217418858908563 109.930934969457 0.69243630009988921 0.073616043872356013 69.268222033321976 0.27090435296153387 1.2925036311746652 -0.23226419892865327 0.072779495837470107 0.057624367370195058 0.34447778210598401 0.18475082570205728 0.86796292004891662 0.017317549880378653 -0.0096581879808556991 0.013295081263313451 0.012848589276455153 0.14319493853361739 -0.49921425273363279 0.63675328713938584
decision_type=2 2 9 2 2 2 2 2 2 2 2 2 2 2 2 2 2 2 2 2 2 2 2
left_child=4 16 3 8 6 14 7 22 -3 -7 -5 12 -4 -13 20 -16 17 19 -19 -2 -6 -8 -1
right_child=1 2 11 10 5 9 21 -9 -10 -11 -12 13 -14 -15 15 -17 -18 18 -20 -21 -22 -23 -24
leaf_value=-0.013462255844101313 -0.0088160059912337201 -0.00070939826605587435 0.0014844324981821151 0.027288681247949604 0.0037162143413063103 0.040308617130108179 -0.0075064253529326793 0.016100498488725263 -0.0061454680980886633 0.0079312846956153728 0.0049331186737435377 -0.0083871921575882236 0.039112390359118586 0.0057736127961485403 0.013939895353601789 0.0028057405454696583 -0.029426896059513097 -0.011117944982767107 0.0049854076935579228 -0.025901415948942307 -0.0051152342536667306 -0.025276353486823409 -0.0030578731882301246
leaf_weight=14.999999999999998 35 4436 16.000000000000004 24 86 14.999999999999998 17 28 328 17 51 43 14.999999999999998 268 195 280 15.999999999999998 24 30 14.999999999999998 67 18 21
leaf_count=15 35 4436 16 24 86 15 17 28 328 17 51 43 15 268 195 280 16 24 30 15 67 18 21
internal_value=1.66489e-05 -0.000707484 -0.000461891 -0.000872169 0.00506933 0.00648398 -0.00432521 0.002813 -0.00108503 0.0238909 0.012361 0.00520056 0.0203667 0.00379284 0.00555931 0.00739776 -0.0112137 -0.00815143 -0.00223093 -0.0143627 -0.00015471 -0.017113 -0.00765863
internal_weight=6060 5301 5181 4839 759 660 99 64 4764 32 75 342 31 311 628 475 120 104 54 50 153 35 36
internal_count=6060 5301 5181 4839 759 660 99 64 4764 32 75 342 31 311 628 475 120 104 54 50 153 35 36
cat_boundaries=0 1
cat_threshold=4
is_linear=0
shrinkage=0.07


Tree=45
num_leaves=24
num_cat=0
split_feature=2 5 1 4 1 3 0 4 5 3 2 4 0 3 2 1 0 0 0 1 0 5 4
split_gain=3.94304 2.76696 2.6602 4.7964 3.28065 2.43643 2.60433 2.42314 3.53084 3.36274 2.39921 2.35929 2.28546 2.25429 2.10461 2.07191 6.74934 1.95735 1.9183 1.82124 1.35959 1.14313 1.12427
threshold=0.28291790870093908 1.2787864436432925 -0.10588185574635688 0.12839537376204072 0.10278172677099635 2.067702751179334 193.48120000985435 0.023066733897750755 1.0260926801053476 0.19945675854877043 0.75950585466796616 0.3516303400816681 233.94759012678796 0.41345976174357124 0.33438634120557881 0.029548402693085705 675.32406336679037 281.26852863598816 214.16887457477625 -0.49921425273363279 179.31571628788299 1.0215725624895839 0.46242056322003516
decision_type=2 2 2 2 2 2 2 2 2 2 2 2 2 2 2 2 2 2 2 2 2 2 2
left_child=1 2 7 4 -4 6 10 8 -1 -9 22 19 18 -5 -13 17 -17 -14 20 -8 -3 -12 -2
right_child=5 12 3 13 -6 -7 11 9 -10 -11 21 14 15 -15 -16 16 -18 -19 -20 -21 -22 -23 -24
leaf_value=-0.022397468580421995 -0.0036528924848843319 -0.014950276868307156 -0.0019731425995074279 -0.030736356331670989 0.019091249769141803 -0.019450669952838319 0.019740917956316845 0.01670179352693155 0.0097327397678907118 0.0012258234884236876 0.028462171079777186 0.023720932229316118 0.016723394696224161 -0.009865986190148451 0.0076863216161964232 -0.015306465904336229 0.045558613262807628 -0.0039163443702030301 -0.035180106823394702 0.0027317594304803071 0.0069924426158792102 0.0025425080544854472 -0.021880392693148721
leaf_weight=47 226 52 776 33 37 22 31 70 25 2240 14.999999999999998 50 22 108 199 18 15.999999999999998 1105 17 898 18 18 17
leaf_count=47 226 52 776 33 37 22 31 70 25 2240 15 50 22 108 199 18 16 1105 17 898 18 18 17
internal_value=1.57463e-05 -0.000997413 5.45633e-05 -0.0030668 -0.000991357 0.00316132 0.00351707 0.00130574 -0.0112511 0.00170212 -0.00259441 0.00495055 -0.00380778 -0.0149375 0.0109909 -0.00297975 0.0137992 -0.00349835 -0.0146903 0.00332071 -0.00927899 0.0148354 -0.00501538
internal_weight=6060 4584 3336 954 813 1476 1454 2382 72 2310 276 1178 1248 141 249 1161 34 1127 87 929 70 33 243
internal_count=6060 4584 3336 954 813 1476 1454 2382 72 2310 276 1178 1248 141 249 1161 34 1127 87 929 70 33 243
is_linear=0
shrinkage=0.07


Tree=46
num_leaves=19
num_cat=0
split_feature=4 5 0 5 3 4 3 5 0 0 5 5 2 5 5 5 5 5
split_gain=3.68872 3.51545 2.93103 2.12973 3.00881 2.23777 2.00397 3.50137 2.70587 5.39412 3.52903 3.02459 2.56625 2.6917 2.59413 1.08076 1.86778 0.764351
threshold=0.15544288014090038 1.0014840486863905 99.155951882366267 1.0353452791218209 0.40831659851491325 0.38989876331244055 0.047955692556389706 1.0116278068964561 294.25612922991149 182.49768506779387 1.0180479598470307 1.0300026782104601 0.20054369725526464 1.0022932302974288 1.0374172075437522 1.1861817286585179 1.0386483134318785 1.0022932302974288
decision_type=2 2 2 2 2 2 2 2 2 2 2 2 2 2 2 2 2 2
left_child=6 -2 -3 4 -4 -5 7 17 9 11 -11 -8 14 -14 -10 16 -9 -1
right_child=1 2 3 5 -6 -7 8 15 12 10 -12 -13 13 -15 -16 -17 -18 -19
leaf_value=-0.017866293485959375 0.026246956904232503 -0.028134934609010818 -0.023621442918567097 3.0512120887416327e-05 0.0062555103460952746 0.0085092850844414834 0.0020165180145090417 -0.01152780847102404 -0.0089454401958001719 0.014831175665517985 0.0025875928473266417 -0.0081894892347280628 -0.023097265774350277 0.001780286719832203 -0.0024252359589052169 -0.014692735871684274 0.01257966630789969 -0.041288166712224489
leaf_weight=17 28 14.999999999999998 15.999999999999998 1762 612 166 294 27 401 181 317 274 21 679 1174 26 35 14.999999999999998
leaf_count=17 28 15 16 1762 612 166 294 27 401 181 317 274 21 679 1174 26 35 15
internal_value=1.49016e-05 0.00200754 0.00173318 0.00191967 0.00545686 0.000764927 -0.0014814 -0.0103324 -0.00116028 0.00174845 0.00705978 -0.00291131 -0.00252371 0.00100108 -0.00409037 -0.00299567 0.0020538 -0.029785
internal_weight=6060 2599 2571 2556 628 1928 3461 120 3341 1066 498 568 2275 700 1575 88 62 32
internal_count=6060 2599 2571 2556 628 1928 3461 120 3341 1066 498 568 2275 700 1575 88 62 32
is_linear=0
shrinkage=0.07


Tree=47
num_leaves=15
num_cat=1
split_feature=6 4 4 5 0 1 5 0 0 3 3 4 4 5
split_gain=3.34822 2.69163 3.61815 2.6015 2.05889 2.097 1.86655 4.37915 1.78034 1.00003 0.98106 0.884943 1.26319 1.01327
threshold=0 0.15302849340167093 0.15246438916316257 1.0024799240801274 102.18651520816461 -0.57135864627967481 2.3850734682036978 849.47884213957775 1084.290144606184 1.5253696006247146 0.67838412609267995 0.04155132183078316 0.062124468884561156 1.0014840486863905
decision_type=9 2 2 2 2 2 2 2 2 2 2 2 2 2
left_child=1 2 6 10 -5 -6 8 -8 -1 11 -3 -2 -13 -14
right_child=9 3 -4 4 5 -7 7 -9 -10 -11 -12 12 13 -15
leaf_value=-0.00033835507139764624 -0.010514941895566883 0.032752044564836165 -0.030781915944566335 -0.023970035545248541 0.019021674271300436 0.00096783089719277118 -0.015322255488510501 0.00013808664614938339 -0.0055145043144144128 -0.0080613904819996276 0.0074665209862403575 0.02567448276113719 0.022493322792035694 0.0050493479077117808
leaf_weight=2476 14.999999999999998 16.000000000000004 20 14.999999999999998 31 2169 153 215 374 26 14.999999999999998 14.999999999999998 15.999999999999998 504
leaf_count=2476 15 16 20 15 31 2169 153 215 374 26 15 15 16 504
internal_value=1.26303e-05 -0.000524104 -0.00181651 0.00133646 0.00104935 0.00123107 -0.00162676 -0.00631193 -0.00101955 0.00503782 0.0211547 0.00576327 0.00623974 0.00562957
internal_weight=6060 5484 3238 2246 2215 2200 3218 368 2850 576 31 550 535 520
internal_count=6060 5484 3238 2246 2215 2200 3218 368 2850 576 31 550 535 520
cat_boundaries=0 1
cat_threshold=4
is_linear=0
shrinkage=0.07


Tree=48
num_leaves=21
num_cat=0
split_feature=1 5 3 5 5 3 0 5 2 3 1 0 2 3 5 5 1 0 5 5
split_gain=3.01377 2.67522 2.02213 3.08471 1.80455 2.73615 4.23071 2.41799 2.34195 1.83958 1.79189 1.65089 1.45583 1.51518 1.25155 1.24462 2.12802 1.02311 0.719438 0.671025
threshold=-0.33047887022125116 1.2879699219680625 0.047955692556389706 1.0116278068964561 1.0139932103563123 0.41862552880648457 294.25612922991149 1.0145947493279461 0.16747614618702975 1.3217418858908563 0.010883434393713452 105.10495768027599 0.69243630009988921 1.2925036311746652 1.1861817286585179 1.0170558907309968 -0.44036310004751472 142.6852762475317 1.0506264833748427 1.0022932302974288
decision_type=2 2 2 2 2 2 2 2 2 2 2 2 2 2 2 2 2 2 2 2
left_child=1 11 3 19 5 6 -4 -6 -7 -9 14 15 17 -14 -5 16 -1 -13 -17 -2
right_child=2 -3 4 10 7 8 -8 9 -10 -11 -12 12 13 -15 -16 18 -18 -19 -20 -21
leaf_value=0.017466381853379311 -0.016623188269800613 -0.017114407601207499 0.0052932509824135665 0.0088637359516961257 -0.020701099290301405 0.033732342699501254 -0.007785086511687008 -0.00095478905742387083 0.007242154083112161 0.009627729278752899 -0.021100138794779781 0.015423030830660593 0.035994656926672912 0.0055333624450696842 -0.011239195202443411 -0.023679312405652474 -0.012772209812762839 0.0045335784264328204 -0.0044986154091746916 -0.038556426665931946
leaf_weight=24 17 27 302 48 29 17 201 4354 197 81 19 45 14.999999999999998 17 21 17 20 572 22 14.999999999999998
leaf_count=24 17 27 302 48 29 17 201 4354 197 81 19 45 15 17 21 17 20 572 22 15
internal_value=1.19662e-05 0.00413455 -0.000578844 -0.00952448 -0.000369716 0.00288732 6.06499e-05 -0.000893542 0.00949688 -0.000759227 -0.0026398 0.00494156 0.00613048 0.0204914 0.0026623 -0.00430896 0.00372763 0.00535259 -0.0132599 -0.0277824
internal_weight=6060 759 5301 120 5181 717 503 4464 214 4435 88 732 649 32 69 83 44 617 39 32
internal_count=6060 759 5301 120 5181 717 503 4464 214 4435 88 732 649 32 69 83 44 617 39 32
is_linear=0
shrinkage=0.07


Tree=49
num_leaves=18
num_cat=1
split_feature=6 4 4 3 3 3 4 5 4 3 5 3 4 1 1 2 2
split_gain=2.70197 2.18588 2.08459 1.89203 3.17685 1.64205 1.45773 2.05278 1.40367 1.33433 0.986089 0.890148 0.756203 1.27776 1.62082 1.05689 0.71822
threshold=0 0.3516303400816681 0.32747493980400683 0.44666408669812885 0.45331198135774992 0.25793381414080013 0.33783971245976946 1.1551042072437581 0.68576385399756934 1.5941880391020662 1.0386483134318785 1.5253696006247146 0.04155132183078316 -0.084484748072247887 -0.036039793639485597 0.16086708131400704 0.31474837326293087
decision_type=9 2 2 2 2 2 2 2 2 2 2 2 2 2 2 2 2
left_child=1 2 3 5 -5 -1 7 -4 9 10 -3 12 -2 15 -15 -14 -8
right_child=11 8 6 4 -6 -7 16 -9 -10 -11 -12 -13 13 14 -16 -17 -18
leaf_value=0.00010964912600859912 -0.0098381335400743435 0.013279336810937774 -0.039204587854817514 0.019446618488888172 0.00046585010222195179 -0.0033633580582610859 0.0079392785953150882 -0.0061954630779723326 -0.013933276538923385 0.024420352596044543 0.0025078791407914833 -0.0078338710040405952 -0.0054215932808816441 0.033761725496018642 0.0076369017799453051 0.0055403816498393911 -0.011577381214872005
leaf_weight=1168 14.999999999999998 59 17 43 2415 1553 17 20 14.999999999999998 20 139 26 47 15.999999999999998 40 432 18
leaf_count=1168 15 59 17 43 2415 1553 17 20 15 20 139 26 47 16 40 432 18
internal_value=1.07508e-05 -0.000471397 -0.000767228 -0.000601396 0.000805956 -0.00187281 -0.0125144 -0.0220128 0.00614726 0.00758946 0.00577167 0.00452502 0.00520581 0.00564648 0.0155748 0.00445427 -0.0021212
internal_weight=6060 5484 5251 5179 2458 2721 72 37 233 218 198 576 550 535 56 479 35
internal_count=6060 5484 5251 5179 2458 2721 72 37 233 218 198 576 550 535 56 479 35
cat_boundaries=0 1
cat_threshold=4
is_linear=0
shrinkage=0.07


Tree=50
num_leaves=21
num_cat=0
split_feature=1 5 0 4 4 5 5 5 1 3 3 0 3 1 5 3 4 3 5 3
split_gain=2.44909 2.30048 1.91189 1.85076 1.49131 1.52573 2.01205 1.49651 3.65981 2.96884 1.43567 1.82905 1.59594 1.26512 1.12663 1.03044 0.879597 2.05334 0.767876 0.26859
threshold=-0.33047887022125116 1.2879699219680625 99.155951882366267 0.19674395499855704 0.42497910330407201 1.2879699219680625 1.0741662913618695 1.2787864436432925 -0.082932757040666036 0.87308461011568406 0.86796292004891662 142.6852762475317 0.87953048449542781 0.10278172677099635 1.0986716006450423 0.22615168420067036 0.039005052981309657 0.22615168420067036 1.0017608061064307 0.46034281992818477
decision_type=2 2 2 2 2 2 2 2 2 2 2 2 2 2 2 2 2 2 2 2
left_child=1 3 13 14 7 6 -6 9 -9 -4 11 -5 -12 16 18 -15 17 -2 -1 -17
right_child=2 -3 4 10 5 -7 -8 8 -10 -11 12 -13 -14 15 -16 19 -18 -19 -20 -21
leaf_value=0.013740381172423564 -0.01321832621895903 -0.015976871437765661 0.00080537028166562986 0.031480401573578523 0.018594083488153088 0.027335183694135203 -0.014990275647009122 -0.0066384976095349305 0.00063359165484686399 -0.008413533953345485 -0.017505068290233614 0.0093140659837267596 0.0052178867384805776 0.014779699095926788 -0.01595753711263339 -0.011103335999501382 -0.023110329169154172 0.01039469806733339 -0.00030071410106842598 0.0011071487693225636
leaf_weight=20 85 27 3486 20 17 18 15.999999999999998 572 830 179 14.999999999999998 159 290 18 20 18 24 22 208 15.999999999999998
leaf_count=20 85 27 3486 20 17 18 16 572 830 179 15 159 290 18 20 18 24 22 208 16
internal_value=1.02112e-05 0.00372658 -0.000522371 0.00447511 -0.000270136 0.0115236 0.0023282 -0.00039123 -0.00233546 0.000352752 0.00699044 0.0119558 0.00404452 -0.00753306 -0.000439396 0.00167306 -0.0111777 -0.00830554 0.000982527 -0.00546977
internal_weight=6060 759 5301 732 5118 51 33 5067 1402 3665 484 179 305 183 248 52 131 107 228 34
internal_count=6060 759 5301 732 5118 51 33 5067 1402 3665 484 179 305 183 248 52 131 107 228 34
is_linear=0
shrinkage=0.07


Tree=51
num_leaves=18
num_cat=0
split_feature=4 0 5 1 0 5 5 0 1 1 3 4 1 0 0 3 1
split_gain=2.2337 2.48139 2.89442 1.74811 2.98725 2.22406 1.59596 4.26663 7.04598 4.97995 4.96448 3.49201 2.69759 1.70201 2.36379 1.8681 1.5901
threshold=0.15544288014090038 99.155951882366267 1.0014840486863905 -0.3911245619273826 207.15793069997738 1.1974672946844753 2.3850734682036978 849.47884213957775 1.2273977156944504e-17 0.0090424177889266016 0.21947859190573582 0.10997797499997082 -4.2967964164258435e-18 3245.9670723181284 1084.290144606184 0.047955692556389706 -0.19042896456533043
decision_type=2 2 2 2 2 2 2 2 2 2 2 2 2 2 2 2 2
left_child=6 -2 -3 5 -5 -4 13 9 12 10 -8 -10 -9 14 15 -1 -16
right_child=1 2 3 4 -6 -7 7 8 11 -11 -12 -13 -14 -15 16 -17 -18
leaf_value=-0.008928023650930688 -0.025096549050071661 0.024122445037961009 0.0076349426327930667 -0.0095455690856185525 0.0014273775359531563 -0.019174962639994922 0.0091750216495841749 0.0081671845743924668 0.044380645265365427 -0.039994371965005993 -0.01904255035077752 0.0058869674475193036 -0.01035383682686993 0.022156206197291615 -6.018433323708075e-05 0.00038805755669463508 -0.009377233418473142
leaf_weight=109 15.999999999999998 27 305 128 2108 14.999999999999998 49 52 22 29 78 24 141 14.999999999999998 144 2560 238
leaf_count=109 16 27 305 128 2108 15 49 52 22 29 78 24 141 15 144 2560 238
internal_value=9.56789e-06 0.00156021 0.00173525 0.00148915 0.000794931 0.00632023 -0.00115478 -0.00533711 0.000546854 -0.0143022 -0.00816336 0.0248644 -0.00534373 -0.000614168 -0.000733569 4.13214e-06 -0.0058762
internal_weight=6060 2599 2583 2556 2236 320 3461 395 239 156 127 46 193 3066 3051 2669 382
internal_count=6060 2599 2583 2556 2236 320 3461 395 239 156 127 46 193 3066 3051 2669 382
is_linear=0
shrinkage=0.07


Tree=52
num_leaves=20
num_cat=0
split_feature=4 3 5 1 4 4 1 1 5 5 0 3 5 1 1 3 3 0 5
split_gain=2.0644 3.81301 2.77879 3.87037 4.76797 2.77782 2.37535 2.14614 3.38031 2.32155 1.8487 1.15041 2.6559 1.49518 1.19211 3.84605 1.72195 0.782665 0.595413
threshold=0.083871308304910311 0.20381702360855647 1.0139932103563123 -0.12222105175791624 0.11796872419839737 0.082277639362843505 -0.15584070855311333 -0.33268359520049395 1.2879699219680625 1.0145947493279461 501.62194555021728 0.047955692556389706 1.0116278068964561 0.010883434393713452 -0.052366199054108692 0.21947859190573582 0.15382339360917893 837.82789462732296 1.0022932302974288
decision_type=2 2 2 2 2 2 2 2 2 2 2 2 2 2 2 2 2 2 2
left_child=5 -2 3 6 -5 11 -3 8 -4 -9 -7 12 18 -14 16 -16 -13 -12 -1
right_child=1 2 7 4 -6 10 -8 9 -10 -11 17 14 13 -15 15 -17 -18 -19 -20
leaf_value=-0.014737630283832553 0.031256414357721814 0.0052272024018910016 0.0055072361135319759 0.0064005413624975433 0.054401220534829535 -0.038244133866578343 -0.011185058188192003 -0.025018329173483352 -0.02388408564604819 -0.00048165821867648424 0.0022782535392571897 -0.0080838780862484243 0.003002646806426347 -0.018700613996163015 0.0062617018625231056 -0.010053207031037025 -0.00086672210701424447 -0.018838301847543985 -0.035254892907291654
leaf_weight=17 19 435 472 26 15.999999999999998 14.999999999999998 47 18 19 3482 15.999999999999998 204 69 19 286 93 775 17 14.999999999999998
leaf_count=17 19 435 472 26 16 15 47 18 19 3482 16 204 69 19 286 93 775 17 15
internal_value=8.67942e-06 0.000758372 0.000622983 0.0054105 0.0255427 -0.00221736 0.00360554 -6.61895e-06 0.00432224 -0.000615157 -0.0186177 -0.00167204 -0.00821391 -0.00183289 -0.00108783 0.00224054 -0.00237803 -0.0088135 -0.0251532
internal_weight=6060 4534 4515 524 42 1526 482 3991 491 3500 48 1478 120 88 1358 379 979 33 32
internal_count=6060 4534 4515 524 42 1526 482 3991 491 3500 48 1478 120 88 1358 379 979 33 32
is_linear=0
shrinkage=0.07


Tree=53
num_leaves=24
num_cat=0
split_feature=0 0 5 2 0 2 5 2 3 4 3 4 2 0 3 4 5 5 0 0 0 0 4
split_gain=1.9638 2.62929 4.43509 4.01015 4.10694 3.76185 2.79207 4.07592 2.66187 1.95115 6.33104 3.74057 1.7116 1.66357 3.14093 1.77239 1.55573 3.72817 1.5278 0.813518 0.760817 0.673238 0.176168
threshold=188.58074964749423 420.75085802053712 2.3850734682036978 0.19734860710510485 432.42108679956169 0.14032780454231644 3.0376562294687313 0.30090111282371362 0.49335898152748842 0.28679103820087187 0.48754798528215315 0.3516303400816681 0.75950585466796616 170.21121994139543 0.91813381128197769 0.079616205062828418 1.0049173706231971 1.0105965525761962 551.88946074294347 88.419606503791982 322.90775611898403 352.01793226051558 0.10132495638222271
decision_type=2 2 2 2 2 2 2 2 2 2 2 2 2 2 2 2 2 2 2 2 2 2 2
left_child=12 2 9 4 22 21 8 -8 -5 10 -2 -11 13 14 15 -1 -15 -18 -6 -14 -7 -4 -3
right_child=1 3 5 6 18 20 7 -9 -10 11 -12 -13 19 16 -16 -17 17 -19 -20 -21 -22 -23 -24
leaf_value=-0.0039215577508514513 0.0016379196934795152 -0.034027520118949606 -0.0074388826099783196 0.0054342766004213654 0.0019462969019838679 -0.042931154615914117 0.0030907160506692174 0.021259067164700999 -0.0012761708595212568 -0.01245831200177736 0.012315280723417138 0.0045631362714918288 0.0022855091496390137 0.0094020576053682504 -0.027205603678524499 0.0039997127195370609 -0.041947661767331397 -0.0081682721433426267 -0.0037083553504216704 0.022631661079122744 -0.018848192491754893 0.011824756306782367 -0.019826874328032137
leaf_weight=434 1001 16.000000000000004 19 380 286 16.000000000000004 261 78 1207 102 373 163 23 15.999999999999998 23 202 18 108 1273 15.999999999999998 14.999999999999998 14.999999999999998 14.999999999999998
leaf_count=434 1001 16 19 380 286 16 261 78 1207 102 373 163 23 16 23 202 18 108 1273 16 15 15 15
internal_value=6.98033e-06 0.000512756 0.00276867 -0.000580829 -0.00318181 -0.0150255 0.00156657 0.00732334 0.000332585 0.00348351 0.00454386 -0.00200809 -0.0031321 -0.00383427 -0.00234374 -0.00140225 -0.0106819 -0.0132917 -0.00266997 0.0110073 -0.0322531 0.00113481 -0.0280124
internal_weight=6060 5220 1704 3516 1590 65 1926 339 1587 1639 1374 265 840 801 659 636 142 126 1559 39 31 34 31
internal_count=6060 5220 1704 3516 1590 65 1926 339 1587 1639 1374 265 840 801 659 636 142 126 1559 39 31 34 31
is_linear=0
shrinkage=0.07


Tree=54
num_leaves=20
num_cat=1
split_feature=6 4 0 5 4 0 0 0 0 0 4 4 3 3 0 0 0 5 5
split_gain=1.82429 1.51925 1.90599 3.5633 1.74527 1.92999 1.9936 1.68293 1.29606 2.31376 1.58 1.13975 1.44364 0.845553 0.760329 1.00085 1.24996 0.980042 0.740248
threshold=0 0.3516303400816681 390.45860258615181 1.1455925170654648 0.32747493980400683 479.75548090215534 956.50247635403036 348.41856354065709 188.58074964749423 496.69266625682678 0.20499774752242503 0.48189865962571327 1.1267838635660568 1.5253696006247146 1736.6194861237182 367.97194064694554 252.17969470054121 1.071488198701356 1.0374172075437522
decision_type=9 2 2 2 2 2 2 2 2 2 2 2 2 2 2 2 2 2 2
left_child=1 4 3 7 8 18 -7 -3 10 -10 -1 12 -4 14 15 16 -2 -17 -6
right_child=13 2 11 -5 5 6 -8 -9 9 -11 -12 -13 -14 -15 -16 17 -18 -19 -20
leaf_value=-0.0022694964718825788 0.0025036915099697901 0.0093134032848311808 0.023588416248864749 -0.022604513759166008 -0.011612700595531395 0.01588800089645543 -0.015065482319891455 -0.014164454568756953 0.001995588130068737 -0.0012912269505322108 -0.014511628478842614 0.026570445172285493 0.0024601039272385762 -0.0083343978558425569 0.017801661264300349 -0.0020699466139036749 0.013212551225218368 0.0057707407620640992 -0.033528670937816307
leaf_weight=682 115 89 21 27 15.999999999999998 18 21 17 1698 2744 55 21 58 26 19 179 100 137 17
leaf_count=682 115 89 21 27 16 18 21 17 1698 2744 55 21 58 26 19 179 100 137 17
internal_value=5.0819e-06 -0.000391059 0.00512676 -0.000370748 -0.000637706 -0.0113863 -0.000721715 0.00544436 -0.000485971 -3.44843e-05 -0.00320246 0.0123766 0.00830989 0.00371443 0.00436679 0.00385219 0.00752591 0.00133461 -0.0235774
internal_weight=6060 5484 233 133 5251 72 39 106 5179 4442 737 100 79 576 550 531 215 316 33
internal_count=6060 5484 233 133 5251 72 39 106 5179 4442 737 100 79 576 550 531 215 316 33
cat_boundaries=0 1
cat_threshold=4
is_linear=0
shrinkage=0.07


Tree=55
num_leaves=14
num_cat=1
split_feature=3 4 6 5 4 5 3 4 0 3 0 4 4
split_gain=1.72025 2.30137 1.67748 1.64899 3.26492 2.4189 1.51677 1.42105 1.99783 1.23159 3.5779 2.71774 1.10023
threshold=2.067702751179334 0.3516303400816681 0 1.0396689044658716 0.12902355012060557 1.053076927392621 1.7457347474689697 0.32747493980400683 479.75548090215534 0.96341895881876272 170.21121994139543 0.38989876331244055 0.16621456651047381
decision_type=2 2 9 2 2 2 2 2 2 2 2 2 2
left_child=1 2 7 4 -4 -5 9 12 -9 11 -11 -3 -1
right_child=-2 6 3 5 -6 -7 -8 8 -10 10 -12 -13 -14
leaf_value=-0.0011083724228798677 -0.019102766698598863 0.0002756573961150867 -0.0069611102190537347 -0.020425904927278561 0.016888839179109241 0.003465714899679138 0.026185767962498701 -0.021441322994806292 0.00055958543847399683 -0.024942351858317856 0.0051626705560704495 0.03463636047407985 0.0010346621176350766
leaf_weight=3568 22 26 38 23 102 153 15.999999999999998 37 43 20 245 19 1748
leaf_count=3568 22 26 38 23 102 153 16 37 43 20 245 19 1748
internal_value=4.64475e-06 7.7532e-05 -0.000249263 0.00462038 0.0104069 0.000241799 0.00578885 -0.000542927 -0.00974628 0.00465305 0.00280274 0.0152363 -0.000403509
internal_weight=6060 6038 5712 316 140 176 326 5396 80 310 265 45 5316
internal_count=6060 6038 5712 316 140 176 326 5396 80 310 265 45 5316
cat_boundaries=0 1
cat_threshold=36
is_linear=0
shrinkage=0.07


Tree=56
num_leaves=14
num_cat=1
split_feature=3 3 6 5 1 0 5 0 0 0 5 5 1
split_gain=1.49759 1.68525 1.6072 2.10346 3.7113 2.42975 1.31955 1.22741 1.83962 1.65086 0.887982 1.65308 0.92948
threshold=2.067702751179334 1.3217418858908563 0 1.0197434915703101 -0.1759137440013849 202.50892782320423 1.0105965525761962 188.58074964749423 496.69266625682678 170.21121994139543 1.2879699219680625 1.1428344561942685 -0.22349104079297777
decision_type=2 2 9 2 2 2 2 2 2 2 2 2 2
left_child=1 2 7 4 -4 -5 -3 9 -9 -1 11 -8 -12
right_child=-2 6 3 5 -6 -7 10 8 -10 -11 12 -13 -14
leaf_value=-0.0015491404800084257 -0.017823711245085881 -0.011901099377032371 0.019322886255550033 -0.024578186953067783 -0.013062192507392984 0.0028540926217742821 0.0089972182835539177 0.0016813077911913563 -0.001124294230988282 -0.010217469241493202 -0.011007863629464475 0.034086736561916769 0.0085686231369804609
leaf_weight=656 22 14.999999999999998 84 15.999999999999998 21 227 74 1923 2828 128 17 14.999999999999998 34
leaf_count=656 22 15 84 16 21 227 74 1923 2828 128 17 15 34
internal_value=4.26109e-06 7.22755e-05 -0.000118006 0.0044214 0.0127771 0.000951655 0.00725335 -0.000411527 1.12601e-05 -0.00297648 0.00938042 0.0135653 0.00194347
internal_weight=6060 6038 5883 348 105 243 155 5535 4751 784 140 89 51
internal_count=6060 6038 5883 348 105 243 155 5535 4751 784 140 89 51
cat_boundaries=0 1
cat_threshold=36
is_linear=0
shrinkage=0.07


Tree=57
num_leaves=25
num_cat=0
split_feature=2 2 0 3 4 3 2 5 2 0 3 5 5 0 2 1 1 4 0 5 1 5 5 1
split_gain=1.43397 2.42524 2.50395 2.44614 3.03866 2.15235 2.63433 2.10315 2.34241 2.08523 3.51104 1.95722 1.78174 4.43233 4.0001 3.80232 5.40129 5.1931 3.11299 3.10276 4.71437 3.01945 3.98555 2.93715
threshold=0.15068222449389509 0.13611590453662317 569.12422339510442 0.52534849189624355 0.14839979407812662 0.49335898152748842 0.13066971783719908 1.030469310341539 0.14485721303258187 179.31571628788299 0.25257326410781644 1.4197751261657099 1.1861817286585179 348.41856354065709 0.29213243989383919 -0.10588185574635688 0.029548402693085705 0.19289679284332867 123.21827686276974 3.0376562294687313 -0.15182034104276751 1.0550206601737491 1.0348665097891321 -0.052366199054108692
decision_type=2 2 2 2 2 2 2 2 2 2 2 2 2 2 2 2 2 2 2 2 2 2 2 2
left_child=1 3 9 5 -5 6 -1 -4 -9 -3 -11 -6 15 19 -15 21 17 -17 -18 20 -14 22 -2 -16
right_child=12 2 7 4 11 -7 -8 8 -10 10 -12 -13 13 14 23 16 18 -19 -20 -21 -22 -23 -24 -25
leaf_value=-0.0015152780119491662 0.0022902136173532915 -0.017769761043041947 -0.032454381594968884 0.039646910476917409 0.019783563476204875 -0.023796525700166823 0.01011069476634481 -0.017190606565028427 -0.0001310511078685522 0.025756906709847632 -0.0026069924794200777 -0.0098789089554610354 -0.016492435350982038 -0.001800824939634359 0.00036749621851327408 -0.0055467112155976129 -0.0063707806259393701 -0.03934441744142618 0.023473667428000222 -0.038228781674206264 0.011861197989974172 0.0050439180797269504 -0.0055860812199179733 0.018273706742724584
leaf_weight=1310 1293 27 22 14.999999999999998 19 19 102 88 71 26 102 23 102 904 87 53 41 38 28 19 39 1125 415 92
leaf_count=1310 1293 27 22 15 19 19 102 88 71 26 102 23 102 904 87 53 41 38 28 19 39 1125 415 92
internal_value=3.75658e-06 -0.00163656 -0.00699878 -0.000421377 0.0136712 -0.000992359 -0.000668385 -0.0125673 -0.00962562 -0.000452802 0.003304 0.00367157 0.000710452 -0.00151616 9.41401e-05 0.0016356 -0.00882914 -0.0199419 0.00589234 -0.0123531 -0.00861671 0.00222977 0.000373918 0.00962497
internal_weight=6060 1824 336 1488 57 1431 1412 181 159 155 128 42 4236 1243 1083 2993 160 91 69 160 141 2833 1708 179
internal_count=6060 1824 336 1488 57 1431 1412 181 159 155 128 42 4236 1243 1083 2993 160 91 69 160 141 2833 1708 179
is_linear=0
shrinkage=0.07


Tree=58
num_leaves=20
num_cat=0
split_feature=4 3 4 5 1 4 0 5 1 0 1 3 5 5 0 5 5 3 5
split_gain=1.30005 3.4482 2.48232 1.95973 3.57652 4.13411 1.98454 1.77637 1.69151 1.67837 1.18569 0.923588 2.39355 2.48805 1.22919 5.3753 4.01066 0.892151 0.717286
threshold=0.083871308304910311 0.20381702360855647 0.082277639362843505 1.0139932103563123 -0.12222105175791624 0.11796872419839737 146.61502240202677 1.0152277711180415 -0.33268359520049395 501.62194555021728 -0.24739495017944166 0.047955692556389706 1.0386483134318785 1.0912419283030166 283.37526960071779 1.0318467069455173 1.0555780997715354 0.031884071393827505 1.0741662913618695
decision_type=2 2 2 2 2 2 2 2 2 2 2 2 2 2 2 2 2 2 2
left_child=2 -2 11 4 6 -6 -3 10 -9 -4 -5 12 17 -14 16 -16 -13 -1 -11
right_child=1 3 9 7 5 -7 -8 8 -10 18 -12 14 13 -15 15 -17 -18 -19 -20
leaf_value=-0.0084113145830109724 0.029599873241186146 -0.014386036904745046 -0.035958133223652843 -0.0039796410830020904 0.0060106707255045584 0.05071223190181396 0.0039246083262519885 0.0039919690326889849 -0.00044534175115983212 0.0020733430031273101 -0.02798684651669529 0.0055510899130157068 0.024572514440615978 -0.0062246076821287485 -0.011646643983820181 0.0016778896092258277 -0.005271081365402653 -0.02595187716710157 -0.018120209127839876
leaf_weight=31 19 30 14.999999999999998 24 26 15.999999999999998 452 478 3472 17 17 427 17 44 225 431 275 28 15.999999999999998
leaf_count=31 19 30 15 24 26 16 452 478 3472 17 17 427 17 44 225 431 275 28 16
internal_value=2.72787e-06 0.000597685 -0.00176376 0.000468956 0.00448948 0.0238394 0.00275607 -5.97377e-05 9.23263e-05 -0.0172664 -0.0143799 -0.00124849 -0.00710966 0.00260481 -0.000725199 -0.00290197 0.00130917 -0.0170411 -0.00794186
internal_weight=6060 4534 1526 4515 524 42 482 3991 3950 48 41 1478 120 61 1358 656 702 59 33
internal_count=6060 4534 1526 4515 524 42 482 3991 3950 48 41 1478 120 61 1358 656 702 59 33
is_linear=0
shrinkage=0.07


Tree=59
num_leaves=17
num_cat=0
split_feature=0 4 1 5 0 4 0 2 4 4 5 5 5 5 5 2
split_gain=1.22592 2.13063 1.58405 2.30858 1.76831 1.73309 1.53431 1.51351 1.28653 2.37418 2.66065 1.09273 0.683713 3.48952 1.05424 0.544574
threshold=99.155951882366267 0.10847286406321492 -0.3911245619273826 1.1974672946844753 142.6852762475317 0.15544288014090038 193.48120000985435 0.049878869777786106 0.54888625308933936 0.42497910330407201 1.0876168848356274 1.2787864436432925 1.0037338420652444 1.0020388566192773 1.0174584909956612 0.027949935404505254
decision_type=2 2 2 2 2 2 2 2 2 2 2 2 2 2 2 2
left_child=1 7 3 4 5 -2 -6 15 9 11 -11 -4 13 -9 -14 -1
right_child=2 -3 8 -5 6 -7 -8 12 -10 10 -12 -13 14 -15 -16 -17
leaf_value=-0.0061430096954107286 0.0010385891554504634 -0.024110911806046968 0.00042982949688139747 -0.020625273015744548 -0.0088549545362591759 0.027823941444605593 0.0056868915725760676 0.0047829258013309716 -0.017381948329694571 -0.0032945652524630233 0.027973970125615599 -0.0018388388146095367 0.011536332379372384 -0.034556869561970238 -0.0014802568278549351 -0.024825128995875519
leaf_weight=14.999999999999998 19 24 3935 15.999999999999998 40 31 269 35 20 23 30 1413 40 14.999999999999998 118 17
leaf_count=15 19 24 3935 16 40 31 269 35 20 23 30 1413 40 15 118 17
internal_value=2.16309e-06 -0.00465358 0.000215113 0.00460882 0.00578957 0.0178792 0.0037797 -0.00261297 -8.94885e-05 -2.21188e-05 0.0145819 -0.000169678 -0.000398017 -0.00745146 0.00186251 -0.0165406
internal_weight=6060 264 5796 375 359 50 309 240 5421 5401 53 5348 208 50 158 32
internal_count=6060 264 5796 375 359 50 309 240 5421 5401 53 5348 208 50 158 32
is_linear=0
shrinkage=0.07


Tree=60
num_leaves=12
num_cat=1
split_feature=3 4 3 6 3 0 4 1 4 0 3
split_gain=1.23279 1.46612 1.31771 1.1505 1.31385 2.78678 2.24464 1.29347 1.47621 1.1497 1.14014
threshold=2.067702751179334 0.3516303400816681 1.7457347474689697 0 0.86224320590876824 1417.6912331614187 0.25510508989377617 -0.49921425273363279 0.23810854028651132 142.6852762475317 0.98679192304094632
decision_type=2 2 2 9 2 2 2 2 2 2 2
left_child=1 3 9 4 6 -6 -1 -5 -9 -3 -11
right_child=-2 2 -4 7 5 -7 -8 8 -10 10 -12
leaf_value=-0.00045268261728663114 -0.016173979125074719 -0.012690878871977332 0.02362297794545782 0.0180580336582301 -0.0084800691962228537 0.0027931425235492029 0.0064197535332917634 0.0054421916145740799 -0.0060159210282830985 0.014186982161551715 0.0026414646470800914
leaf_weight=4703 22 19 15.999999999999998 28 273 176 244 215 73 50 241
leaf_count=4703 22 19 16 28 273 176 244 215 73 50 241
internal_value=1.24206e-06 6.29624e-05 0.00462154 -0.000197849 -0.000441101 -0.00406323 -0.000112344 0.00383492 0.00252469 0.00356577 0.00466942
internal_weight=6060 6038 326 5712 5396 449 4947 316 288 310 291
internal_count=6060 6038 326 5712 5396 449 4947 316 288 310 291
cat_boundaries=0 1
cat_threshold=36
is_linear=0
shrinkage=0.07


Tree=61
num_leaves=24
num_cat=0
split_feature=0 0 2 2 1 1 4 1 2 2 3 1 3 2 4 4 3 4 3 3 4 2 1
split_gain=1.12916 1.83781 3.75843 4.89621 4.01385 2.99025 5.99144 2.78432 6.84293 3.37251 2.77884 2.76573 1.70549 1.57835 1.58586 2.17438 1.99 3.4793 2.16953 1.82244 1.10156 1.07552 0.788387
threshold=188.58074964749423 277.6414578739728 0.17805468824900172 0.16518520621907262 0.042230787218575358 -0.23431860013004965 0.19836191178148668 0.035321830541015654 0.17645901174211834 0.18409580416406493 0.5200306765500623 -0.18214600641421688 0.86224320590876824 0.75950585466796616 0.20499774752242503 0.16621456651047381 0.65442716866402117 0.24239044982199617 0.82934806362476821 0.47177534533126164 0.11898025493527946 0.27798782247536397 -0.91762584978971218
decision_type=2 2 2 2 2 2 2 2 2 2 2 2 2 2 2 2 2 2 2 2 2 2 2
left_child=13 2 3 4 -2 10 -7 9 -9 11 -4 -3 -11 14 15 20 17 -16 -18 -17 -1 -10 -15
right_child=1 7 5 -5 -6 6 -8 8 21 12 -12 -13 -14 22 16 19 18 -19 -20 -21 -22 -23 -24
leaf_value=-0.0016558572323152388 0.0082232339990485851 -0.02627939825113863 -0.0080671908722817921 0.03931685664393008 -0.027736228718608622 0.0011212341497425081 -0.030946363896114583 0.044565368214670734 -0.018695775368437171 0.00224847281038195 0.0088640714786649439 -0.0023465754427415184 -0.0018776117097053077 0.0021670801015651747 -0.0034593819624998356 0.027575678429278463 0.014152483629273334 -0.045020417688375246 -0.011677807071079646 -0.0032540472766411878 -0.010432813591302841 0.0070353502176702032 0.022071887118286559
leaf_weight=573 318 23 69 23 14.999999999999998 81 43 22 15.000000000000002 2033 147 1770 646 22 21 21 22 18 51 15.999999999999998 79 14.999999999999998 17
leaf_count=573 318 23 69 23 15 81 43 22 15 2033 147 1770 646 22 21 21 22 18 51 16 79 15 17
internal_value=1.50214e-06 0.000385049 0.00373101 0.008748 0.00652315 -0.00153026 -0.010152 -0.000130271 0.0158196 -0.000319386 0.00344 -0.00266845 0.00125294 -0.00237876 -0.00305371 -0.00178904 -0.0107428 -0.0233049 -0.00379782 0.0144907 -0.00273474 -0.0059957 0.0111959
internal_weight=6060 5220 696 356 333 340 124 4524 52 4472 216 1793 2679 840 801 689 112 39 73 37 652 30 39
internal_count=6060 5220 696 356 333 340 124 4524 52 4472 216 1793 2679 840 801 689 112 39 73 37 652 30 39
is_linear=0
shrinkage=0.07


Tree=62
num_leaves=17
num_cat=0
split_feature=3 4 2 2 3 2 0 5 4 0 0 5 2 5 4 0
split_gain=1.09759 1.2936 1.20982 1.83178 2.60527 1.51127 1.73005 1.33249 1.06094 1.74016 2.1892 1.53008 1.24494 2.19617 1.48733 0.913681
threshold=2.067702751179334 0.3516303400816681 0.33438634120557881 0.40601149842098189 0.96341895881876272 0.28139509545173291 408.95212194062077 1.0860877952530832 0.32747493980400683 479.75548090215534 956.50247635403036 1.0358298460687927 0.52608626114399071 1.0215725624895839 0.0060108449273502005 645.44865463549252
decision_type=2 2 2 2 2 2 2 2 2 2 2 2 2 2 2 2
left_child=1 8 5 7 -5 15 -7 -4 12 11 -11 -10 14 -14 -1 -3
right_child=-2 2 3 4 -6 6 -8 -9 9 10 -12 -13 13 -15 -16 -17
leaf_value=-0.0062860315328522737 -0.015261265961177974 -0.012810287343022357 -0.016064555308117699 0.029824737314283853 0.0027542228496298467 0.029393525578237833 0.0041239293085322719 0.0015694006984567515 -0.0038132576417177918 0.015090409477041277 -0.013965780964866283 -0.030198623971414311 0.020369188414961104 -0.0010772499838435467 1.6483036938880189e-05 0.010178443362015406
leaf_weight=189 22 14.999999999999998 38 19 138 30 24 45 21 26 23 22 39 56 5336 17
leaf_count=189 22 15 38 19 138 30 24 45 21 26 23 22 39 56 5336 17
internal_value=1.20984e-06 5.94539e-05 0.00434144 0.00176642 0.00620273 0.0114166 0.0184545 -0.00659078 -0.000185526 -0.00760105 0.00143125 -0.0177082 -6.26778e-05 0.00784025 -0.000200086 -0.000637958
internal_weight=6060 6038 326 240 157 86 54 83 5712 92 49 43 5620 95 5525 32
internal_count=6060 6038 326 240 157 86 54 83 5712 92 49 43 5620 95 5525 32
is_linear=0
shrinkage=0.07


Tree=63
num_leaves=16
num_cat=0
split_feature=4 3 4 4 5 1 1 0 1 1 3 5 0 1 3
split_gain=1.02743 3.79866 3.50196 1.81101 1.74823 4.44169 2.92791 1.59618 1.52599 1.39668 0.931576 1.01446 3.62047 2.27124 0.866492
threshold=0.06995037303156211 0.19475997073666504 0.081393724765781508 0.068822234299280263 1.0139932103563123 -0.12585828867803617 -0.095794525374885878 99.155951882366267 -0.13014293043013067 -0.16280571785813533 0.74008176154926952 1.0396689044658716 262.66326847716306 -0.19269226557426913 0.18322199199193698
decision_type=2 2 2 2 2 2 2 2 2 2 2 2 2 2 2
left_child=3 2 14 10 5 9 -7 -6 -9 -3 11 12 -1 -13 -2
right_child=1 4 -4 -5 7 6 -8 8 -10 -11 -12 13 -14 -15 -16
leaf_value=0.0003964632596591709 0.015002735433578494 0.003101385102973584 0.045869197300821549 -0.020506785580635074 -0.016365566251433147 0.034018067844493967 0.0028523375983421622 0.00077566025072278862 -0.0020573257892265123 -0.0074383101704241852 0.011393844357077723 0.013453094471168931 -0.011332953009548887 -0.0011726081516101755 -0.0042084774729452641
leaf_weight=353 29 465 14.999999999999998 24 29 36 25 2816 1391 70 26 57 202 504 18
leaf_count=353 29 465 15 24 29 36 25 2816 1391 70 26 57 202 504 18
internal_value=1.285e-06 0.000446364 0.0175243 -0.00186501 0.00022351 0.00376994 0.0215085 -0.000276075 -0.000161137 0.00170975 -0.00145503 -0.00176493 -0.00388407 0.000333474 0.00769627
internal_weight=6060 4894 62 1166 4832 596 61 4236 4207 535 1142 1116 555 561 47
internal_count=6060 4894 62 1166 4832 596 61 4236 4207 535 1142 1116 555 561 47
is_linear=0
shrinkage=0.07


Tree=64
num_leaves=21
num_cat=0
split_feature=0 0 5 1 5 1 1 2 2 1 3 3 0 3 1 3 3 1 2 4
split_gain=1.03197 1.52035 4.67665 3.40507 4.22363 2.93565 2.45368 6.00202 2.71588 2.44761 1.51245 1.26359 1.31406 1.92447 1.42082 1.39076 2.90227 2.13475 1.30792 0.986785
threshold=188.58074964749423 277.6414578739728 1.8560670954241527 -0.18101718778682252 1.0037338420652444 -0.13476965970076552 0.035321830541015654 0.17645901174211834 0.18409580416406493 -0.18214600641421688 0.57058392031457938 1.5253696006247146 170.21121994139543 0.93152265498813869 -0.16987680304939012 0.26090781584035694 0.17130697978234274 -0.24903217771572472 0.60147855803764505 0.22738154408402977
decision_type=2 2 2 2 2 2 2 2 2 2 2 2 2 2 2 2 2 2 2 2
left_child=11 2 3 4 -2 -5 8 -8 9 -3 -10 12 13 14 -1 16 -14 -17 -15 -9
right_child=1 6 -4 5 -6 -7 7 19 10 -11 -12 -13 15 18 -16 17 -18 -19 -20 -21
leaf_value=0.0032810475563188088 0.022855775566806555 -0.024596761337916061 -0.029957880811914805 0.020099915729109838 -0.0040453385419753031 0.005410809223852263 0.041794377677272204 -0.017727386625669896 0.0032298272099407902 -0.0020829094885304578 -0.00018519200016806189 0.016078539581927991 -0.01064616455265454 -0.031061271422663159 -0.0033434042065928543 -0.0017431243143072636 0.020997003454864029 -0.025824648846189183 -0.0051325487447592124 0.0069140994178131226
leaf_weight=279 31 23 19 86 268 292 22 15.000000000000002 1034 1770 1645 17 48 15.999999999999998 365 32 19 41 23 14.999999999999998
leaf_count=279 31 23 19 86 268 292 22 15 1034 1770 1645 17 48 16 365 32 19 41 23 15
internal_value=1.9398e-06 0.000368615 0.0034119 0.00439225 -0.00118704 0.00879884 -0.000100078 0.0148728 -0.000277623 -0.00238565 0.00113334 -0.00227358 -0.00267257 -0.001399 -0.000471772 -0.00882681 -0.00148562 -0.015444 -0.0162981 -0.00555847
internal_weight=6060 5220 696 677 299 378 4524 52 4472 1793 2679 840 823 683 644 140 67 73 39 30
internal_count=6060 5220 696 677 299 378 4524 52 4472 1793 2679 840 823 683 644 140 67 73 39 30
is_linear=0
shrinkage=0.07


Tree=65
num_leaves=14
num_cat=0
split_feature=3 4 3 0 2 0 0 0 3 0 3 2 5
split_gain=1.0052 1.16762 1.33759 3.07364 2.57507 1.29112 0.894679 1.68109 1.84845 1.34875 6.69096 1.93163 1.13177
threshold=2.067702751179334 0.35936695038587146 0.97483769319917979 170.21121994139543 0.38008955523848625 216.99115467808153 188.58074964749423 170.21121994139543 0.26090781584035694 420.75085802053712 1.0515803969890689 0.19734860710510485 1.0270160703254894
decision_type=2 2 2 2 2 2 2 2 2 2 2 2 2
left_child=1 6 4 -4 -3 -5 7 12 -9 10 -8 -11 -1
right_child=-2 2 3 5 -6 -7 9 8 -10 11 -12 -13 -14
leaf_value=0.0019920116283154267 -0.014604446996618874 -0.0018018265061080455 -0.025496714163944126 0.01923541210746536 0.03317774784676731 0.0027143361884972655 0.0023643131121239024 -0.0013702485195854132 -0.017973597895686443 -0.0023785494139290301 -0.043138861046358945 0.00096731315425936182 -0.0037877176391111836
leaf_weight=330 22 20 17 25 20 221 1533 67 64 1587 14.999999999999998 1807 332
leaf_count=330 22 20 17 25 20 221 1533 67 64 1587 15 1807 332
internal_value=1.59048e-06 5.73344e-05 0.00428506 0.00243849 0.0160535 0.00446722 -0.000166617 -0.00234775 -0.00956182 0.000183633 0.00189537 -0.000597212 -0.000906869
internal_weight=6060 6038 303 263 40 246 5735 793 131 4942 1548 3394 662
internal_count=6060 6038 303 263 40 246 5735 793 131 4942 1548 3394 662
is_linear=0
shrinkage=0.07


Tree=66
num_leaves=20
num_cat=0
split_feature=4 5 0 0 3 5 5 5 0 4 5 5 3 3 3 4 2 3 0
split_gain=0.926724 1.66773 1.27079 2.6798 5.48872 2.82853 2.51639 2.23363 2.10093 1.19218 2.96189 3.55121 1.51564 1.34017 2.33194 1.32866 1.15075 1.37799 1.35375
threshold=0.15544288014090038 1.0014840486863905 256.69933145510532 435.56922742023806 0.65442716866402117 3.0376562294687313 1.2096490187894908 1.0049173706231971 199.6937669940348 0.14319493853361739 1.0752154778482692 1.0890662704356777 0.64124423921862461 0.94145527672209273 0.74008176154926952 0.0060108449273502005 0.22992649559286843 0.52534849189624355 352.01793226051558
decision_type=2 2 2 2 2 2 2 2 2 2 2 2 2 2 2 2 2 2 2
left_child=9 -2 6 4 -4 -5 7 -3 -8 13 16 -12 -13 14 15 -1 18 -18 -11
right_child=1 2 3 5 -6 -7 8 -9 -10 10 11 12 -14 -15 -16 -17 17 -19 -20
leaf_value=-0.0057458598578589383 0.017694242596086759 -0.02362186027728953 0.012744210218738479 -0.0015344960627393369 -0.00078264189748833229 0.0056064007189065941 -0.0060163343761116279 0.00056948879031171803 -0.039413273153081539 -0.0062101440367323393 0.029500313820964418 0.0001724535387395391 -0.019111520418136019 -0.016474955698221924 0.023623046457916502 3.3596058542174873e-05 0.004244282676956871 -0.016181616553314963 -0.026784187286381805
leaf_weight=208 28 19 272 1294 318 343 23 287 14.999999999999998 26 18 151 22 24 19 2888 32 31 42
leaf_count=208 28 19 272 1294 318 343 23 287 15 26 18 151 22 24 19 2888 32 31 42
internal_value=8.76292e-07 0.000999708 0.000810812 0.00142291 0.00546329 -3.533e-05 -0.0031424 -0.00100236 -0.0198899 -0.000749055 -0.00479873 0.000766427 -0.00237156 -0.000332019 -0.000202171 -0.000356192 -0.0128625 -0.00589141 -0.0191318
internal_weight=6060 2599 2571 2227 590 1637 344 306 38 3461 322 191 173 3139 3115 3096 131 63 68
internal_count=6060 2599 2571 2227 590 1637 344 306 38 3461 322 191 173 3139 3115 3096 131 63 68
is_linear=0
shrinkage=0.07


Tree=67
num_leaves=11
num_cat=1
split_feature=3 3 4 2 3 5 6 5 5 5
split_gain=0.854399 1.15009 1.3805 1.62748 1.07479 4.61347 1.0021 1.62345 0.953059 0.900057
threshold=2.067702751179334 1.3217418858908563 0.32353993360311345 0.30900224457436382 1.2494346540999739 1.1088358969292964 0 1.0197434915703101 1.0202361779080442 1.3471815320049736
decision_type=2 2 2 2 2 2 9 2 2 2
left_child=1 4 -3 -4 6 -6 9 -8 -5 -1
right_child=-2 2 3 8 5 -7 7 -9 -10 -11
leaf_value=0.00022045785750948391 -0.013465885904382755 -0.0091631121174693131 0.023486623486670955 -0.0087675164694587405 -0.032189472196359814 0.011306167099128168 0.010947915528907129 0.00050642489557351574 0.0079314784703776262 -0.0019459488225316709
leaf_weight=4291 22 24 28 20 23 23 104 240 83 1202
leaf_count=4291 22 24 28 20 23 23 104 240 83 1202
internal_value=8.93367e-09 5.14108e-05 0.00598372 0.00881241 -0.00010576 -0.0106489 -2.0742e-05 0.00358389 0.0046291 -0.000253283
internal_weight=6060 6038 155 131 5883 46 5837 344 103 5493
internal_count=6060 6038 155 131 5883 46 5837 344 103 5493
cat_boundaries=0 1
cat_threshold=36
is_linear=0
shrinkage=0.07


Tree=68
num_leaves=16
num_cat=0
split_feature=2 4 4 5 5 5 5 5 2 5 5 3 4 5 2
split_gain=0.842624 1.01555 0.985035 2.76678 1.4081 1.79683 1.78415 1.02348 3.01205 2.21097 1.95311 1.73834 1.33564 0.884724 0.203968
threshold=0.75950585466796616 0.15302849340167093 0.0060108449273502005 1.0105965525761962 1.0808238523068068 1.1178349759728883 1.0468559498513856 1.0233474833770677 0.022425229203276605 1.0281397975527395 1.0275211334365599 0.10442346180517291 0.020939305645613502 1.0020388566192773 0.14759096368872052
decision_type=2 2 2 2 2 2 2 2 2 2 2 2 2 2 2
left_child=2 -2 3 13 6 -6 -5 8 -4 10 -9 -10 -11 -1 -15
right_child=1 -3 7 4 5 -7 -8 9 11 12 -12 -13 -14 14 -16
leaf_value=-0.0060495122420376754 0.00043754849992692473 0.021292785177156333 -0.028337074569612746 -4.9962655890662719e-05 -0.024778756954324875 0.00086138962734004726 0.022691284635782245 -0.005123210914928321 0.012951323723196986 0.0087847814881663044 -0.027302970410544768 0.001596434598377997 -0.00023477498469769167 -0.027204547341416283 -0.015404970530569554
leaf_weight=28 27 19 14.999999999999998 52 18 45 24 178 69 81 21 1194 4247 23 19
leaf_count=28 27 19 15 52 18 45 24 178 69 81 21 1194 4247 23 19
internal_value=0 0.00933632 -7.2957e-05 -0.00478278 0.000948297 -0.00672613 0.00732382 9.72867e-05 0.00184593 -0.000396509 -0.0075921 0.00222708 -6.38189e-05 -0.016026 -0.0223653
internal_weight=6060 46 6014 209 139 63 76 5805 1278 4527 199 1263 4328 70 42
internal_count=6060 46 6014 209 139 63 76 5805 1278 4527 199 1263 4328 70 42
is_linear=0
shrinkage=0.07


Tree=69
num_leaves=23
num_cat=0
split_feature=3 3 1 5 3 5 2 0 3 1 3 2 0 5 5 0 5 3 1 3 2 5
split_gain=0.812579 3.09548 2.20997 1.77652 1.66531 1.61213 1.59579 1.28062 1.28007 3.5512 2.97469 2.413 2.45904 2.28038 3.32006 2.78779 2.19756 1.79822 1.81443 0.842332 0.703561 0.173278
threshold=0.44666408669812885 0.45331198135774992 0.022096645861809556 1.0022932302974288 0.84289265686208037 1.0808238523068068 0.41828930200783127 99.155951882366267 0.25793381414080013 0.07377669411731741 0.24234402971739047 0.18101325433266721 130.0878802790817 1.019415469889662 1.0063063409823791 367.97194064694554 1.0039891620202364 0.26090781584035694 1.2273977156944504e-17 0.67424845785053711 0.21074267521674508 1.0197434915703101
decision_type=2 2 2 2 2 2 2 2 2 2 2 2 2 2 2 2 2 2 2 2 2 2
left_child=8 5 3 4 -3 21 19 -5 10 17 11 16 -13 14 -12 -15 -1 -10 -19 -4 -11 -2
right_child=1 2 6 7 -6 -7 -8 -9 9 20 13 12 -14 15 -16 -17 -18 18 -20 -21 -22 -23
leaf_value=-0.0096188951561848313 0.012879862366612361 0.018963810538168511 0.03204841843968944 -0.011028467799759672 -0.0046154834263704043 0.034251677346033488 -0.0022548303236132085 0.0001583268570189242 -0.021011552363763689 -0.031001029181480413 0.0072565566749622432 0.00070511839850029604 0.034798673410370559 -0.010251107789244918 0.048480184661290227 0.015647762064746721 0.00024007825810135213 -0.0016679204442259651 0.013620037663123835 0.01180100425709453 -0.012629427182101289 0.0021655847879126669
leaf_weight=125 15.000000000000002 45 18 50 21 18 22 2980 22 20 23 23 18 35 15.999999999999998 46 916 1543 38 26 25 14.999999999999998
leaf_count=125 15 45 18 50 21 18 22 2980 22 20 23 23 18 35 16 46 916 1543 38 26 25 15
internal_value=-6.65885e-07 0.000762881 0.000491938 0.000219443 0.0114939 0.0182226 0.0130699 -2.96204e-05 -0.000860872 -0.00212743 0.00087539 -0.000287748 0.0161618 0.0112845 0.0249755 0.00445982 -0.000951179 -0.00157566 -0.00129165 0.0206277 -0.0213062 0.00778797
internal_weight=6060 3210 3162 3096 66 48 66 3030 2850 1648 1202 1082 41 120 39 81 1041 1603 1581 44 45 30
internal_count=6060 3210 3162 3096 66 48 66 3030 2850 1648 1202 1082 41 120 39 81 1041 1603 1581 44 45 30
is_linear=0
shrinkage=0.07


end of trees

feature_importances:
length=347
sinuosity=299
avg_grade=234
grade_std=193
max_abs_grade=178
avg_abs_grade=171
grooming=53

parameters:
[boosting: gbdt]
[objective: regression]
[metric: l2]
[tree_learner: serial]
[device_type: cpu]
[data_sample_strategy: bagging]
[data: ]
[valid: ]
[num_iterations: 70]
[learning_rate: 0.07]
[num_leaves: 25]
[num_threads: 8]
[seed: 67]
[deterministic: 0]
[force_col_wise: 0]
[force_row_wise: 0]
[histogram_pool_size: -1]
[max_depth: 5]
[min_data_in_leaf: 15]
[min_sum_hessian_in_leaf: 0.001]
[bagging_fraction: 1]
[pos_bagging_fraction: 1]
[neg_bagging_fraction: 1]
[bagging_freq: 0]
[bagging_seed: 6966]
[bagging_by_query: 0]
[feature_fraction: 0.8]
[feature_fraction_bynode: 1]
[feature_fraction_seed: 9047]
[extra_trees: 0]
[extra_seed: 12744]
[early_stopping_round: 0]
[early_stopping_min_delta: 0]
[first_metric_only: 0]
[max_delta_step: 0]
[lambda_l1: 0.01]
[lambda_l2: 1]
[linear_lambda: 0]
[min_gain_to_split: 0.02]
[drop_rate: 0.1]
[max_drop: 50]
[skip_drop: 0.5]
[xgboost_dart_mode: 0]
[uniform_drop: 0]
[drop_seed: 5721]
[top_rate: 0.2]
[other_rate: 0.1]
[min_data_per_group: 100]
[max_cat_threshold: 32]
[cat_l2: 10]
[cat_smooth: 10]
[max_cat_to_onehot: 4]
[top_k: 20]
[monotone_constraints: ]
[monotone_constraints_method: basic]
[monotone_penalty: 0]
[feature_contri: ]
[forcedsplits_filename: ]
[refit_decay_rate: 0.9]
[cegb_tradeoff: 1]
[cegb_penalty_split: 0]
[cegb_penalty_feature_lazy: ]
[cegb_penalty_feature_coupled: ]
[path_smooth: 0]
[interaction_constraints: ]
[verbosity: -1]
[saved_feature_importance_type: 0]
[use_quantized_grad: 0]
[num_grad_quant_bins: 4]
[quant_train_renew_leaf: 0]
[stochastic_rounding: 1]
[linear_tree: 0]
[max_bin: 255]
[max_bin_by_feature: ]
[min_data_in_bin: 3]
[bin_construct_sample_cnt: 200000]
[data_random_seed: 257]
[is_enable_sparse: 1]
[enable_bundle: 1]
[use_missing: 1]
[zero_as_missing: 0]
[feature_pre_filter: 1]
[pre_partition: 0]
[two_round: 0]
[header: 0]
[label_column: ]
[weight_column: ]
[group_column: ]
[ignore_column: ]
[categorical_feature: 6]
[forcedbins_filename: ]
[precise_float_parser: 0]
[parser_config_file: ]
[objective_seed: 11803]
[num_class: 1]
[is_unbalance: 0]
[scale_pos_weight: 1]
[sigmoid: 1]
[boost_from_average: 1]
[reg_sqrt: 0]
[alpha: 0.9]
[fair_c: 1]
[poisson_max_delta_step: 0.7]
[tweedie_variance_power: 1.5]
[lambdarank_truncation_level: 30]
[lambdarank_norm: 1]
[label_gain: ]
[lambdarank_position_bias_regularization: 0]
[eval_at: ]
[multi_error_top_k: 1]
[auc_mu_weights: ]
[num_machines: 1]
[local_listen_port: 12400]
[time_out: 120]
[machine_list_filename: ]
[machines: ]
[gpu_platform_id: -1]
[gpu_device_id: -1]
[gpu_device_id_list: ]
[gpu_use_dp: 0]
[num_gpu: 1]

end of parameters

pandas_categorical:[["Bordercross", "backcountry", "classic", "classic+mogul", "classic+skating", "mogul", "no", "yes"]]
